,Gene Symbol,cluster_id,feature_importance
902,ICA1,435,0.019390581717451533
1538,PRKAG2,435,0.019390581717451533
157,ATP1B3,435,0.019390581717451533
1444,PHIP,387,0.010560941828254851
777,GPRASP1,387,0.010560941828254851
829,HAUS5,387,0.010560941828254851
866,HMGN2,387,0.010560941828254851
1100,LRRFIP1,387,0.010560941828254851
2047,TRMT5,387,0.010560941828254851
655,FAM46A,387,0.010560941828254851
2113,VPS39,276,0.009349030470914135
1995,TMEM41B,276,0.009349030470914135
1217,MRPL17,276,0.009349030470914135
820,H2AFZ,276,0.009349030470914135
1918,SYBU,276,0.009349030470914135
1843,SNRPG,276,0.009349030470914135
1507,POU6F1,276,0.009349030470914135
881,HPRT1,276,0.009349030470914135
2110,VIPR1,231,0.009002770083102504
220,BTG2,160,0.008483379501385058
1163,MCM6,160,0.008483379501385058
576,EIF1,160,0.008483379501385058
408,COL7A1,160,0.008483379501385058
1830,SNAPC5,407,0.0077908587257618026
692,FLOT2,407,0.0077908587257618026
1935,TBC1D5,407,0.0077908587257618026
2143,YTHDF1,407,0.0077908587257618026
303,CD164,407,0.0077908587257618026
1977,TLR3,407,0.0077908587257618026
1998,TMEM62,407,0.0077908587257618026
275,CAT,407,0.0077908587257618026
158,ATP2A2,407,0.0077908587257618026
1112,LYRM1,407,0.0077908587257618026
1713,RYBP,407,0.0077908587257618026
1145,MARCH8,407,0.0077908587257618026
797,GSTK1,407,0.0077908587257618026
1753,SERINC5,407,0.0077908587257618026
570,EFCAB14,407,0.0077908587257618026
185,BAIAP2,407,0.0077908587257618026
1527,PRDX3,407,0.0077908587257618026
1090,LOXL1,288,0.005193905817174514
1976,TLN2,288,0.005193905817174514
563,ECH1,288,0.005193905817174514
1958,TFPI2,288,0.005193905817174514
462,CYP27B1,288,0.005193905817174514
515,DLD,288,0.005193905817174514
768,GPD1,288,0.005193905817174514
18,ACAT1,288,0.005193905817174514
218,BTD,288,0.005193905817174514
2087,UGGT1,288,0.005193905817174514
1518,PPP2R1B,288,0.005193905817174514
862,HMGB2,392,0.005020775623268713
1353,NUDCD3,392,0.005020775623268713
1151,MBD4,392,0.005020775623268713
2187,ZWILCH,4,0.004847645429362897
983,KDM5A,418,0.004847645429362897
1851,SOCS2,418,0.004847645429362897
1654,RGCC,418,0.004847645429362897
1411,PCF11,291,0.004674515235457102
749,GMNN,291,0.004674515235457102
2044,TRIM62,264,0.0046745152354570815
918,IL11,264,0.0046745152354570815
844,HGD,264,0.0046745152354570815
2083,UBXN7,20,0.004674515235457075
2029,TRAK1,20,0.004674515235457075
1744,SEMA3G,20,0.004674515235457075
709,FTO,198,0.004501385041551266
1924,TACC3,198,0.004501385041551266
1181,MICALL2,198,0.004501385041551266
1836,SNRPA1,333,0.004155124653739642
1352,NUDC,333,0.004155124653739642
1362,OCRL,340,0.004155124653739642
1105,LSM14B,333,0.004155124653739642
340,CDKN3,340,0.004155124653739642
2080,UBE2S,333,0.004155124653739642
1187,MIR4680 /// PDCD4,340,0.004155124653739642
1617,RAD1,340,0.004155124653739642
979,KCTD5,333,0.004155124653739642
744,GK,340,0.004155124653739642
1576,PSMD3,333,0.004155124653739642
2180,ZNF593,333,0.004155124653739642
1679,RPA2,340,0.004155124653739642
348,CELSR1,115,0.0039819944598338194
73,ALOX15B,73,0.0039819944598338194
115,AQP4,115,0.0039819944598338194
200,BIRC2,73,0.0039819944598338194
376,CKAP2,376,0.003808864265928018
1594,PTPRA,339,0.003808864265928004
2025,TPX2,339,0.003808864265928004
538,DNMT3B,339,0.003808864265928004
686,FKBP4,339,0.003808864265928004
43,ADIRF,43,0.003808864265927983
1598,PTRF,43,0.003808864265927983
661,FASTKD1,43,0.003808864265927983
1341,NR3C1,43,0.003808864265927983
1173,MEPE,157,0.0036357340720221606
1832,SNCAIP,266,0.0032894736842105504
553,DTYMK,266,0.0032894736842105504
1974,TK1,266,0.0032894736842105504
1825,SMIM2,253,0.0032894736842105365
1148,MASP1,253,0.0032894736842105365
2089,UGT2A1 /// UGT2A2,253,0.0032894736842105365
909,IFNA16,253,0.0032894736842105365
2093,UNC13B,116,0.0029432132963988986
1002,KIF20B,2,0.0029432132963988986
116,AQP7 /// LOC100509620 /// LOC101930168,116,0.0029432132963988986
1180,MGST3,116,0.0029432132963988986
403,CNTRL,2,0.0029432132963988986
533,DNAJC9,2,0.0029432132963988986
276,CAV1,116,0.0029432132963988986
2141,YME1L1,2,0.0029432132963988986
2188,ZWINT,2,0.0029432132963988986
970,KCNB1,235,0.00277008310249309
2022,TPPP,235,0.00277008310249309
1906,STX11,235,0.00277008310249309
879,HP /// HPR,235,0.00277008310249309
878,HP,235,0.00277008310249309
62,AKAP9,235,0.00277008310249309
235,C19orf80,235,0.00277008310249309
1441,PHC2,112,0.002770083102493069
1357,NUSAP1,112,0.002770083102493069
1578,PSME4,112,0.002770083102493069
1777,SLC11A2,112,0.002770083102493069
2114,VWA5A,357,0.0025969529085872814
444,CTSO,357,0.0025969529085872814
443,CTSG,357,0.0025969529085872814
1817,SLMO2,357,0.0025969529085872814
838,HDC,357,0.0025969529085872814
880,HPGD,357,0.0025969529085872814
394,CMA1,357,0.0025969529085872814
119,ARG2,357,0.0025969529085872814
2023,TPSAB1,357,0.0025969529085872814
724,GATA2,357,0.0025969529085872814
2024,TPSAB1 /// TPSB2,357,0.0025969529085872814
1783,SLC18A2,357,0.0025969529085872814
672,FCER1A,357,0.0025969529085872814
46,ADRA1A,46,0.002596952908587233
257,CABP1,46,0.002596952908587233
1993,TMEM257,289,0.002423822714681445
1062,LINC00623 /// LINC00869,289,0.002423822714681445
1503,PON3,289,0.002423822714681445
1511,PPEF1,289,0.002423822714681445
1686,RPL31,289,0.002423822714681445
237,C1orf106,289,0.002423822714681445
859,HLA-DQA1,289,0.002423822714681445
678,FEZ1,289,0.002423822714681445
1714,RYR3,289,0.002423822714681445
1306,NLE1,289,0.002423822714681445
1506,POU4F1,289,0.002423822714681445
10,ABI3BP,289,0.002423822714681445
2150,ZCWPW1,289,0.002423822714681445
719,GAGE1 /// GAGE12B /// GAGE12C /// GAGE12D /// GAGE12E /// GAGE12F /// GAGE12G /// GAGE12H /// GAGE12I /// GAGE12J /// GAGE13 /// GAGE2A /// GAGE2C /// GAGE2D /// GAGE2E /// GAGE4 /// GAGE5 /// GAGE6 /// GAGE7 /// GAGE8,289,0.002423822714681445
733,GFRA2,289,0.002423822714681445
754,GNAZ,289,0.002423822714681445
759,GNLY,289,0.002423822714681445
774,GPR137,289,0.002423822714681445
1660,RHCE /// RHD,289,0.002423822714681445
1103,LSAMP,289,0.002423822714681445
263,CADM3,289,0.002423822714681445
1611,RAB40C,289,0.002423822714681445
1263,NCAM2,289,0.002423822714681445
2005,TNFRSF11B,289,0.002423822714681445
361,CETP,289,0.002423822714681445
786,GRIK2,289,0.002423822714681445
753,GNAT3,289,0.002423822714681445
913,IGHMBP2,289,0.002423822714681445
470,CYP7B1,289,0.002423822714681445
471,CYTH3,289,0.002423822714681445
487,DCT,289,0.002423822714681445
2108,VILL,289,0.002423822714681445
613,EPHA5,289,0.002423822714681445
195,BCL2L11,289,0.002423822714681445
1383,OTUD4,289,0.002423822714681445
1366,OLFM4,289,0.002423822714681445
279,CBFA2T3,289,0.002423822714681445
1913,SULT4A1,289,0.002423822714681445
1351,NTRK3,289,0.002423822714681445
828,HAS1,289,0.002423822714681445
217,BTBD18,289,0.002423822714681445
1655,RGN,289,0.002423822714681445
227,C11orf21,289,0.002423822714681445
1329,NPPB,289,0.002423822714681445
219,BTF3P12 /// BTF3P12,289,0.002423822714681445
1239,MYL3,289,0.002423822714681445
587,ELL3,289,0.002423822714681445
1696,RPS9,289,0.002423822714681445
1053,LGI1,289,0.002423822714681445
1048,LEFTY1 /// LEFTY2,289,0.002423822714681445
410,COLQ,289,0.002423822714681445
1682,RPL13 /// SNORD68,289,0.002423822714681445
610,EPB41L5,289,0.002423822714681445
612,EPHA3,289,0.002423822714681445
513,DKFZP434L187,289,0.002423822714681445
1310,NME5,289,0.002423822714681445
187,BARD1,332,0.002423822714681438
1228,MVB12B,332,0.002423822714681438
332,CDK1,332,0.002423822714681438
433,CSNK1G1,405,0.0022506925207756434
1092,LPHN3,405,0.0022506925207756434
712,FYN,405,0.0022506925207756434
731,GEMIN6,405,0.0022506925207756434
88,ANK2,405,0.0022506925207756434
1129,MANSC1,405,0.0022506925207756434
1590,PTPN1,405,0.0022506925207756434
954,ITM2A,405,0.0022506925207756434
1588,PTN,405,0.0022506925207756434
1219,MRPL33,405,0.0022506925207756434
2100,UST,405,0.0022506925207756434
1610,RAB40B,405,0.0022506925207756434
480,DBF4,480,0.0022506925207756365
1888,STAC,480,0.0022506925207756365
852,HIST1H2BC /// HIST1H2BE /// HIST1H2BF /// HIST1H2BG /// HIST1H2BI,480,0.0022506925207756365
1275,NDNF,480,0.0022506925207756365
1595,PTPRB,442,0.0022506925207756365
1593,PTPN2,480,0.0022506925207756365
1652,REV3L,480,0.0022506925207756365
1215,MPPED2,442,0.0022506925207756365
684,FHL5,442,0.0022506925207756365
557,DYRK1A,322,0.0022506925207756295
322,CDC7,322,0.0022506925207756295
1545,PRMT2,322,0.0022506925207756295
1320,NOX1,125,0.0022506925207756018
935,INPP5K,59,0.0022506925207756018
1516,PPP1R1A,59,0.0022506925207756018
670,FBXO5,313,0.002077562326869814
1925,TACR3,203,0.002077562326869814
834,HBS1L,313,0.002077562326869814
1583,PTGR2 /// ZNF410,313,0.002077562326869814
1101,LRRN3,203,0.002077562326869814
287,CCDC88A,186,0.002077562326869807
1066,LMNB1,186,0.002077562326869807
1245,MYO1C,186,0.002077562326869807
599,EMD,186,0.002077562326869807
2051,TSEN34,149,0.0020775623268698
2168,ZNF227,149,0.0020775623268698
1833,SNCG,441,0.0020775623268698
1003,KIF22,149,0.0020775623268698
2167,ZNF224,149,0.0020775623268698
149,ATAD2,149,0.0020775623268698
1249,MYRIP,490,0.0019044321329639985
805,GTF2F1,490,0.0019044321329639985
245,C5orf15,490,0.0019044321329639985
141,ASF1B,141,0.0019044321329639846
145,ASPN,141,0.0019044321329639846
624,ERP29,499,0.001731301939058176
604,ENPP2,499,0.001731301939058176
1910,SULT1A2,499,0.001731301939058176
799,GSTM2,499,0.001731301939058176
586,ELK3,499,0.001731301939058176
1909,SULT1A1,499,0.001731301939058176
1742,SELENBP1,499,0.001731301939058176
908,IFIT1,499,0.001731301939058176
1846,SNX1,499,0.001731301939058176
1478,PLEKHG6,68,0.001731301939058169
1294,NFATC2IP,269,0.001731301939058169
209,BNIP2,269,0.001731301939058169
1495,PNPLA4,68,0.001731301939058169
840,HELLS,269,0.001731301939058169
2088,UGP2,269,0.001731301939058169
365,CHD4,269,0.001731301939058169
960,JAG1,269,0.001731301939058169
333,CDK11A /// CDK11B,65,0.0017313019390581622
1144,MARCH6,65,0.0017313019390581622
1989,TMEM194A,65,0.0017313019390581622
1522,PPP5C,65,0.0017313019390581622
1412,PCM1,65,0.0017313019390581622
1464,PKP1,72,0.0017313019390581552
695,FMO4,422,0.0015581717451523744
282,CBX5,422,0.0015581717451523744
1831,SNCA,422,0.0015581717451523744
1969,TIMELESS,422,0.0015581717451523744
234,C19orf54,487,0.0015581717451523605
1619,RAD51,26,0.0015581717451523605
1232,MYBL2,487,0.0015581717451523605
1896,STC2,26,0.0015581717451523605
1582,PTGES3,225,0.0015581717451523536
1837,SNRPB,259,0.0015581717451523536
1820,SMARCA5,225,0.0015581717451523536
1854,SOX13,259,0.0015581717451523536
603,ENO1,259,0.0015581717451523536
589,ELN,259,0.0015581717451523536
1899,STIP1,259,0.0015581717451523536
1551,PRPF38B,225,0.0015581717451523536
225,BUB3,225,0.0015581717451523536
1029,KRCC1,259,0.0015581717451523536
336,CDK7,259,0.0015581717451523536
1907,STX6,259,0.0015581717451523536
2070,TXN,259,0.0015581717451523536
445,CTSV,259,0.0015581717451523536
1566,PSMB1,131,0.0015581717451523536
350,CENPA,219,0.0015581717451523536
1571,PSMC6,225,0.0015581717451523536
58,AHSA1,259,0.0015581717451523536
2121,WDR48,225,0.0015581717451523536
582,EIF6,259,0.0015581717451523536
1273,NDC80,131,0.0015581717451523536
869,HN1,259,0.0015581717451523536
1001,KIF20A,219,0.0015581717451523536
1844,SNRPN /// SNURF,219,0.0015581717451523536
430,CSHL1,377,0.0015581717451523466
327,CDH15,377,0.0015581717451523466
426,CSF2,377,0.0015581717451523466
488,DDOST,385,0.0013850415512465589
760,GOLGA8A,385,0.0013850415512465589
1879,SS18L1,385,0.0013850415512465589
118,ARFGEF2,385,0.0013850415512465589
1175,METTL13,385,0.0013850415512465589
2058,TTI1,385,0.0013850415512465589
697,FMOD,385,0.0013850415512465589
669,FBXO46,385,0.0013850415512465589
425,CSE1L,385,0.0013850415512465589
544,DPM1,385,0.0013850415512465589
1667,RNF114,385,0.0013850415512465589
581,EIF4ENIF1,385,0.0013850415512465589
1241,MYNN,385,0.0013850415512465589
1623,RAE1,385,0.0013850415512465589
434,CSTF1,385,0.0013850415512465589
278,CBFA2T2,385,0.0013850415512465589
1861,SPATA5L1,385,0.0013850415512465589
31,ACTR5,385,0.0013850415512465589
739,GID8,385,0.0013850415512465589
226,C11orf16,79,0.001385041551246545
2038,TRIM25,79,0.001385041551246545
79,AMHR2,79,0.001385041551246545
1021,KLK2,79,0.001385041551246545
1772,SIRT6,79,0.001385041551246545
454,CXCR2,425,0.001385041551246538
1948,TEAD3,374,0.001385041551246538
2010,TNPO1,425,0.001385041551246538
887,HSD17B8,425,0.001385041551246538
981,KDELR2,425,0.001385041551246538
1607,RAB14,425,0.001385041551246538
816,GYS2,277,0.001385041551246538
422,CRY1,425,0.001385041551246538
936,INTS6,374,0.001385041551246538
1801,SLC38A1,425,0.001385041551246538
374,CIDEC,374,0.001385041551246538
65,AKR1C1,374,0.001385041551246538
930,IL5,277,0.001385041551246538
1406,PBXIP1,425,0.001385041551246538
1890,STAT5B,374,0.001385041551246538
1178,MGMT,425,0.001385041551246538
1486,PLOD3,425,0.001385041551246538
105,APC,425,0.001385041551246538
1573,PSMD11,344,0.0012119113573407433
596,EMC6,344,0.0012119113573407433
559,E2F8,344,0.0012119113573407433
1415,PCYT2,70,0.0012119113573407364
994,KIAA1024,70,0.0012119113573407364
1466,PLA2G16,70,0.0012119113573407364
372,CHSY1,70,0.0012119113573407364
494,DEDD,70,0.0012119113573407364
955,ITPK1,70,0.0012119113573407364
28,ACSM5,70,0.0012119113573407364
1587,PTK7,70,0.0012119113573407364
249,C7orf25 /// PSMA2,70,0.0012119113573407364
1449,PHYH,70,0.0012119113573407364
1089,LOX,70,0.0012119113573407364
727,GCLC,42,0.0012119113573407295
835,HCCS,42,0.0012119113573407295
42,ADIPOQ,42,0.0012119113573407295
1133,MAP2K5,42,0.0012119113573407295
2077,UBE2D2,27,0.0012119113573407295
180,B4GALT5,27,0.0012119113573407295
1572,PSMD1,27,0.0012119113573407295
1136,MAP4,27,0.0012119113573407295
1984,TMEM106C,27,0.0012119113573407295
1202,MLX,42,0.0012119113573407295
626,ESPL1,327,0.0012119113573407295
2064,TUBA3C /// TUBA3D,27,0.0012119113573407295
2062,TUBA1B,27,0.0012119113573407295
2063,TUBA1C,27,0.0012119113573407295
2013,TOP2A,329,0.0012119113573407156
1010,KIFC1,212,0.0012119113573407087
1104,LSM1,162,0.0012119113573407087
1731,SCTR,6,0.0012119113573407087
1729,SCN4A,5,0.0012119113573407087
1161,MCM4,162,0.0012119113573407087
1978,TLX1,275,0.0012119113573407087
1395,PALLD,212,0.0012119113573407087
696,FMO6P,310,0.0012119113573407087
436,CTAGE5,5,0.0012119113573407087
1138,MAPK11,5,0.0012119113573407087
2123,WDR76,162,0.0012119113573407087
830,HAVCR1,272,0.0012119113573407087
1139,MAPK12,162,0.0012119113573407087
166,ATP6V1G1,5,0.0012119113573407087
1477,PLEKHF2,212,0.0012119113573407087
735,GGPS1,212,0.0012119113573407087
1403,PAWR,5,0.0012119113573407087
808,GTF2H4,175,0.001038781163434914
1811,SLC7A8,175,0.001038781163434914
1903,STMN1,175,0.001038781163434914
2039,TRIM27,326,0.001038781163434914
796,GSN,326,0.001038781163434914
1613,RABGGTB,326,0.001038781163434914
1182,MICU1,326,0.001038781163434914
1957,TFEB,175,0.001038781163434914
594,EMC1,175,0.001038781163434914
574,EHD2,326,0.001038781163434914
165,ATP6V1D,326,0.001038781163434914
1356,NUP160,175,0.001038781163434914
573,EHD1,326,0.001038781163434914
1561,PRUNE,326,0.001038781163434914
1379,ORC4,175,0.001038781163434914
1554,PRPF8,175,0.001038781163434914
1040,LAMB2,326,0.001038781163434914
1624,RAI2,175,0.001038781163434914
2170,ZNF232,175,0.001038781163434914
1487,PLXNA2,326,0.001038781163434914
398,CNOT7,175,0.001038781163434914
1736,SEC11A,175,0.001038781163434914
1862,SPATS2L,175,0.001038781163434914
2011,TNS1,326,0.001038781163434914
1327,NPLOC4,326,0.001038781163434914
843,HFE,175,0.001038781163434914
2008,TNKS,175,0.001038781163434914
1733,SCYL3,175,0.001038781163434914
111,APPBP2,175,0.001038781163434914
1480,PLIN3,403,0.001038781163434907
6,ABCC6 /// ABCC6P1 /// ABCC6P2 /// LOC101930322,403,0.001038781163434907
280,CBLB,403,0.001038781163434907
2139,YBX1,403,0.001038781163434907
1818,SMAD6,403,0.001038781163434907
127,ARHGEF4 /// LOC101930241,403,0.001038781163434907
798,GSTM1,403,0.001038781163434907
802,GSTT1,403,0.001038781163434907
261,CACNA2D2,403,0.001038781163434907
804,GTF2E2,378,0.0010387811634349
1514,PPP1R12B,378,0.0010387811634349
1069,LMOD1,378,0.0010387811634349
461,CYP1A1,368,0.0010387811634349
1740,SEC61G,378,0.0010387811634349
2101,UVRAG,191,0.0010387811634349
1049,LEP,191,0.0010387811634349
1567,PSMB2,378,0.0010387811634349
131,ARL3,378,0.0010387811634349
378,CKS2,378,0.0010387811634349
846,HGSNAT,378,0.0010387811634349
1565,PSMA7,378,0.0010387811634349
671,FBXW4,16,0.0010387811634348931
412,COPB2,16,0.0010387811634348931
1964,THNSL2,16,0.0010387811634348931
1966,THRA,16,0.0010387811634348931
473,DAAM2,16,0.0010387811634348931
1647,RCC1,123,0.0010387811634348931
1123,MAGOH /// MAGOHB,123,0.0010387811634348931
1491,PNMA2,410,0.0010387811634348931
440,CTNNBIP1,16,0.0010387811634348931
2166,ZNF22,123,0.0010387811634348931
946,ITGB3BP,316,0.0010387811634348931
1711,RXRA,16,0.0010387811634348931
1725,SCAPER,16,0.0010387811634348931
1298,NFYA,123,0.0010387811634348931
873,HNRNPD,123,0.0010387811634348931
182,BACH1,16,0.0010387811634348931
895,HSPA5,16,0.0010387811634348931
897,HTR3A,256,0.0010387811634348931
2031,TRANK1,123,0.0010387811634348931
1802,SLC38A10,123,0.0010387811634348931
643,FAHD2A,16,0.0010387811634348931
377,CKAP5,430,0.0010387811634348931
1997,TMEM51,16,0.0010387811634348931
359,CEP68,16,0.0010387811634348931
228,C11orf63,123,0.0010387811634348931
1309,NME1,123,0.0010387811634348931
580,EIF4EBP2,16,0.0010387811634348931
1749,SEPT4,16,0.0010387811634348931
1641,RBM3,123,0.0010387811634348931
179,B4GALT4,16,0.0010387811634348931
117,ARF4,16,0.0010387811634348931
1941,TCEB1,123,0.0010387811634348931
1680,RPF1,123,0.0010387811634348931
1039,LAMA3,123,0.0010387811634348931
1628,RAN,123,0.0010387811634348931
1614,RABGGTB /// SNORD45A /// SNORD45B /// SNORD45C,123,0.0010387811634348931
1254,NANS,16,0.0010387811634348931
302,CCT8,123,0.0010387811634348931
1908,SULF1,16,0.0010387811634348931
939,IPO7,123,0.0010387811634348931
1230,MVP,16,0.0010387811634348931
1184,MIR1292 /// NOP56 /// SNORD110 /// SNORD57 /// SNORD86,123,0.0010387811634348931
941,IQSEC3,16,0.0010387811634348931
963,JMJD6,16,0.0010387811634348931
1216,MPST,16,0.0010387811634348931
1169,MED14,316,0.0010387811634348931
1170,MEIS3P1,16,0.0010387811634348931
2125,WHAMMP2 /// WHAMMP3,16,0.0010387811634348931
1469,PLA2G6,16,0.0010387811634348931
660,FANCI,316,0.0010387811634348931
1838,SNRPB2,123,0.0010387811634348931
1839,SNRPC,123,0.0010387811634348931
1840,SNRPD1,123,0.0010387811634348931
1842,SNRPF,123,0.0010387811634348931
2106,VEGFA,16,0.0010387811634348931
2115,VWA8,16,0.0010387811634348931
16,ACACB,16,0.0010387811634348931
1400,PARK2,410,0.0010387811634348931
1128,MANF,16,0.0010387811634348931
1451,PIAS2,123,0.0010387811634348931
1440,PHB,123,0.0010387811634348931
656,FAM53B,16,0.0010387811634348931
1456,PIGZ,16,0.0010387811634348931
15,ACAA1,16,0.0010387811634348931
11,ABL1,430,0.0010387811634348931
2131,WRAP73,430,0.0010387811634348931
2171,ZNF24,123,0.0010387811634348931
1472,PLAU,16,0.0010387811634348931
1488,PLXNC1,16,0.0010387811634348931
2117,WASF3,16,0.0010387811634348931
1392,PAICS,123,0.0010387811634348931
1982,TMED3,16,0.0010387811634348931
1076,LOC101060373 /// NOMO1 /// NOMO2 /// NOMO3,356,0.0008656509695291054
1992,TMEM254,356,0.0008656509695291054
982,KDM3A,356,0.0008656509695291054
1999,TMEM80,356,0.0008656509695291054
503,DHRS12,356,0.0008656509695291054
45,ADORA2B,356,0.0008656509695291054
1335,NR0B2,120,0.0008656509695291054
349,CEND1,120,0.0008656509695291054
542,DOK5,356,0.0008656509695291054
640,FABP4,323,0.0008656509695290984
1346,NRP1,323,0.0008656509695290984
1347,NSMCE4A,323,0.0008656509695290984
1829,SNAPC1,323,0.0008656509695290984
346,CELF2,323,0.0008656509695290984
439,CTDSPL,323,0.0008656509695290984
1425,PDK4,323,0.0008656509695290984
136,ARRB1,323,0.0008656509695290984
1735,SDPR,323,0.0008656509695290984
2144,ZBTB1,323,0.0008656509695290984
1972,TINAGL1,323,0.0008656509695290984
2160,ZNF117,323,0.0008656509695290984
848,HIF1A,323,0.0008656509695290984
1627,RAMP2,323,0.0008656509695290984
995,KIAA1644,323,0.0008656509695290984
1929,TAOK3,323,0.0008656509695290984
239,C1orf123,323,0.0008656509695290984
1942,TCF7L2,323,0.0008656509695290984
1166,ME2,23,0.0008656509695290915
2104,VCAM1,23,0.0008656509695290915
2014,TOP3A,171,0.0008656509695290915
171,AURKB,171,0.0008656509695290915
103,AP1S2,23,0.0008656509695290915
2175,ZNF391,62,0.0008656509695290915
93,ANKS1A,23,0.0008656509695290915
122,ARHGAP33,171,0.0008656509695290915
1118,MAF,23,0.0008656509695290915
659,FANCA,171,0.0008656509695290915
932,ING3,23,0.0008656509695290915
1748,SEPP1,23,0.0008656509695290915
674,FEN1,311,0.0008656509695290845
1530,PREP,185,0.0008656509695290845
1513,PPOX,36,0.0008656509695290845
1697,RQCD1,185,0.0008656509695290845
1067,LMNB2,185,0.0008656509695290845
1799,SLC35B1,311,0.0008656509695290845
1179,MGP,311,0.0008656509695290845
1575,PSMD2,311,0.0008656509695290845
309,CDC14A,185,0.0008656509695290845
1768,SIK2,36,0.0008656509695290845
271,CASP2,185,0.0008656509695290845
577,EIF2B2,311,0.0008656509695290845
1497,POLE3,311,0.0008656509695290845
294,CCL25,294,0.0008656509695290776
584,ELF3,338,0.0008656509695290776
130,ARID5B,9,0.0008656509695290776
1703,RRM2,9,0.0008656509695290776
2060,TTLL5,188,0.0008656509695290776
2074,UBAP2L,188,0.0008656509695290776
2118,WDHD1,188,0.0008656509695290776
1109,LUZP1,328,0.0008656509695290776
607,EPB41,294,0.0008656509695290776
625,ERVH-4,328,0.0008656509695290776
29,ACTL6A,9,0.0008656509695290776
732,GEMIN8,328,0.0008656509695290776
689,FLJ10038,196,0.0008656509695290776
1033,KRT9,196,0.0008656509695290776
792,GRP,294,0.0008656509695290776
591,ELOVL6,188,0.0008656509695290776
623,ERH,188,0.0008656509695290776
1747,SENP7,314,0.0006925207756232898
2176,ZNF394,314,0.0006925207756232898
500,DERL1,314,0.0006925207756232898
1877,SRSF1,314,0.0006925207756232898
2001,TMPO,314,0.0006925207756232898
506,DHX9,314,0.0006925207756232898
334,CDK2,314,0.0006925207756232898
1533,PRIM2 /// PRIM2B,314,0.0006925207756232898
2059,TTK,371,0.0006925207756232829
1532,PRIM2,371,0.0006925207756232829
2054,TSPAN8,478,0.000692520775623269
177,AZU1,467,0.000692520775623269
2111,VKORC1,145,0.000692520775623269
1470,PLA2R1,491,0.000692520775623269
1767,SHQ1,145,0.000692520775623269
1853,SORBS2,145,0.000692520775623269
1860,SPATA2,145,0.000692520775623269
35,ADAM19,145,0.000692520775623269
1222,MTCL1,145,0.000692520775623269
578,EIF2S2,145,0.000692520775623269
940,IQCK,145,0.000692520775623269
371,CHST8,467,0.000692520775623269
1954,TFAP2A,279,0.0006925207756232621
1756,SERPINB5,32,0.0006925207756232621
1639,RBBP8,351,0.0006925207756232621
55,AGPAT2,55,0.0006925207756232621
72,ALG9,55,0.0006925207756232621
1517,PPP1R3A,471,0.0006925207756232621
1604,QDPR,55,0.0006925207756232621
1288,NEK2,129,0.0006925207756232621
477,DALRD3,55,0.0006925207756232621
861,HMGB1P12 /// HMGB1P12,427,0.0006925207756232621
326,CDH10,148,0.0006925207756232621
948,ITGB6 /// LOC100505984,245,0.0006925207756232621
351,CENPA /// SLC35F6,351,0.0006925207756232621
791,GRM8,279,0.0006925207756232621
600,EML2,245,0.0006925207756232621
648,FAM153A /// FAM153B /// FAM153C /// LOC100507387 /// LOC101928349 /// LOC101930363,245,0.0006925207756232621
197,BCL7B,55,0.0006925207756232621
814,GYPA,279,0.0006925207756232621
1214,MPL,148,0.0006925207756232621
516,DLEC1,427,0.0006925207756232621
1734,SDHC,55,0.0006925207756232621
711,FUT6,427,0.0006925207756232621
707,FRZB,351,0.0006925207756232621
755,GNB1,148,0.0006925207756232621
59,AIMP2,129,0.0006925207756232621
747,GLS2,293,0.0005193905817174674
767,GPC5,113,0.0005193905817174674
856,HIST3H2A,48,0.0005193905817174674
1349,NT5DC3,293,0.0005193905817174674
1354,NUDT7,113,0.0005193905817174674
1546,PROC,48,0.0005193905817174674
1311,NME8,113,0.0005193905817174674
284,CCDC170,293,0.0005193905817174674
1321,NPAP1,124,0.0005193905817174535
1363,OGDHL,110,0.0005193905817174466
1372,OR1E3 /// OR1E3,419,0.0005193905817174466
1186,MIR3658 /// UCK2,218,0.0005193905817174466
2124,WEE1,295,0.0005193905817174466
1988,TMEM189 /// TMEM189-UBE2V1 /// UBE2V1 /// UBE2V2,182,0.0005193905817174466
1524,PRAMEF12,56,0.0005193905817174466
1645,RC3H2,295,0.0005193905817174466
1083,LOC101929726,182,0.0005193905817174466
1365,OLFM1,182,0.0005193905817174466
396,CNIH1,295,0.0005193905817174466
1238,MYH8,56,0.0005193905817174466
1006,KIF25,217,0.0005193905817174466
2000,TMF1,295,0.0005193905817174466
750,GNAI3,218,0.0005193905817174466
772,GPN2,218,0.0005193905817174466
817,H2AFV,213,0.0005193905817174466
206,BMP6,206,0.0005193905817174466
258,CACNA1F,258,0.0005193905817174466
1234,MYH11,218,0.0005193905817174466
211,BORA,295,0.0005193905817174466
1467,PLA2G2F,496,0.0005193905817174466
240,C1orf174,206,0.0005193905817174466
1004,KIF23,218,0.0005193905817174466
295,CCNA2,295,0.0005193905817174466
1313,NMU,295,0.0005193905817174466
1008,KIF4A,213,0.0005193905817174466
423,CRY2,295,0.0005193905817174466
56,AGTR1,472,0.0003462603878116588
1804,SLC48A1,472,0.0003462603878116588
1176,MEX3C,472,0.0003462603878116588
601,EML3,472,0.0003462603878116588
615,EPHX1,472,0.0003462603878116588
2107,VEGFB,472,0.0003462603878116588
1323,NPAS2,472,0.0003462603878116588
1688,RPL5 /// SNORD21,472,0.0003462603878116588
1431,PEPD,472,0.0003462603878116588
1891,STAT6,472,0.0003462603878116588
90,ANKHD1 /// ANKHD1-EIF4EBP3,268,0.0003462603878116449
2142,YRDC,268,0.0003462603878116449
95,ANO2,497,0.0003462603878116449
2154,ZFX /// ZFY,268,0.0003462603878116449
2026,TRADD,268,0.0003462603878116449
1553,PRPF40A,268,0.0003462603878116449
1421,PDE4D,268,0.0003462603878116449
1951,TEX261,268,0.0003462603878116449
945,ITGA9,497,0.0003462603878116449
1895,STC1,268,0.0003462603878116449
1975,TK2,268,0.0003462603878116449
1717,SAE1,300,0.000346260387811638
2033,TRDV3,67,0.000346260387811638
740,GINS1,300,0.000346260387811638
483,DCAF7,280,0.000346260387811638
1479,PLIN1,67,0.000346260387811638
677,FETUB,449,0.000346260387811638
1496,POLE2,300,0.000346260387811638
1434,PEX19,67,0.000346260387811638
455,CXXC1,280,0.000346260387811638
811,GTSE1,280,0.000346260387811638
68,ALDH1A1,280,0.000346260387811638
598,EMC9,280,0.000346260387811638
788,GRM1,90,0.00034626038781163104
519,DLGAP5,350,0.00034626038781163104
959,IZUMO4,140,0.00034626038781163104
794,GS1-600G8.3,282,0.00034626038781163104
912,IGHG1 /// IGHM,108,0.00034626038781163104
928,IL37,90,0.00034626038781163104
780,GRB14,285,0.00034626038781163104
259,CACNA1G,90,0.00034626038781163104
37,ADAM20,37,0.00034626038781163104
2052,TSGA10,140,0.00034626038781163104
1307,NLGN1,282,0.00034626038781163104
1292,NEUROG1,128,0.00034626038781163104
1401,PART1,108,0.00034626038781163104
679,FEZ2,165,0.00034626038781163104
857,HJURP,263,0.00034626038781163104
175,AVPR2,90,0.00034626038781163104
1384,OTUD7B,108,0.00034626038781163104
140,ASB7,37,0.00034626038781163104
1386,P2RX3,108,0.00034626038781163104
1394,PAK7,90,0.00034626038781163104
108,APOA2,108,0.00034626038781163104
823,HADH,165,0.00034626038781163104
110,APOBR,108,0.00034626038781163104
1257,NAPG,178,0.00034626038781163104
1143,MARC1,165,0.00034626038781163104
1013,KIR3DL1 /// KIR3DL2,90,0.00034626038781163104
409,COL8A1,37,0.00034626038781163104
316,CDC27,178,0.00034626038781163104
1465,PKP2,108,0.00034626038781163104
1199,MLC1,153,0.00034626038781163104
1644,RC3H1,37,0.00034626038781163104
1621,RAD54B,350,0.00034626038781163104
1227,MUC5B,140,0.00034626038781163104
1433,PEX10,165,0.00034626038781163104
1154,MBOAT7,350,0.00034626038781163104
102,AOC4P,140,0.00034626038781163104
1117,MAD2L1,178,0.00034626038781163104
248,C6orf15,498,0.00017313019390583634
1426,PDPN,58,0.0001731301939058294
901,HYI,58,0.0001731301939058294
1296,NFU1,58,0.0001731301939058294
1519,PPP2R5A,58,0.0001731301939058294
2119,WDR45,58,0.0001731301939058294
1597,PTPRO,58,0.0001731301939058294
1563,PSEN2,58,0.0001731301939058294
415,COX5A,58,0.0001731301939058294
801,GSTM5,477,0.00017313019390582246
1669,RNF24,493,0.00017313019390582246
1084,LOC101930150 /// NF1,493,0.00017313019390582246
1111,LYN,493,0.00017313019390582246
1177,MFNG,493,0.00017313019390582246
1388,P2RY14,493,0.00017313019390582246
1387,P2RY13,493,0.00017313019390582246
1871,SPTLC2,493,0.00017313019390582246
1361,OAS2,493,0.00017313019390582246
1520,PPP3CB,493,0.00017313019390582246
123,ARHGEF12,493,0.00017313019390582246
815,GYPB,278,0.00017313019390582246
1174,MERTK,493,0.00017313019390582246
369,CHN2,493,0.00017313019390582246
159,ATP2A3,493,0.00017313019390582246
363,CFP,493,0.00017313019390582246
588,ELMO1,493,0.00017313019390582246
1255,NAP1L2,121,0.00017313019390582246
1715,S100A8,493,0.00017313019390582246
1251,N4BP2L1,493,0.00017313019390582246
2042,TRIM34 /// TRIM6-TRIM34,493,0.00017313019390582246
1023,KLRB1,493,0.00017313019390582246
292,CCL18,493,0.00017313019390582246
299,CCR7,493,0.00017313019390582246
957,IVD,121,0.00017313019390582246
956,ITSN2,493,0.00017313019390582246
304,CD1C,493,0.00017313019390582246
300,CCRL2,493,0.00017313019390582246
922,IL17RC,278,0.00017313019390582246
1333,NPY5R,121,0.00017313019390582246
917,IKZF1,493,0.00017313019390582246
255,CAB39,493,0.00017313019390582246
472,CYTH4,493,0.00017313019390582246
1900,STK10,493,0.00017313019390582246
1960,TGFA,493,0.00017313019390582246
2055,TSPYL4,493,0.00017313019390582246
1592,PTPN18,493,0.00017313019390582246
1636,RASGRP2,493,0.00017313019390582246
1200,MLLT10,493,0.00017313019390582246
907,IFI35,493,0.00017313019390582246
847,HHEX,493,0.00017313019390582246
865,HMGCS1,493,0.00017313019390582246
1778,SLC12A4,477,0.00017313019390582246
921,IL16,493,0.00017313019390582246
1821,SMARCD3,493,0.00017313019390582246
128,ARHGEF6,493,0.00017313019390582246
668,FBXO31,278,0.00017313019390582246
1515,PPP1R16B,493,0.00017313019390582246
2156,ZMIZ1,477,0.00017313019390582246
2130,WNT11,477,0.00017313019390582246
708,FST,477,0.00017313019390582246
13,ABLIM3,493,0.00017313019390582246
688,FLI1,493,0.00017313019390582246
1443,PHF7,278,0.00017313019390582246
758,GNG5,493,0.00017313019390582246
1428,PDZD2,121,0.00017313019390582246
704,FRAT1,493,0.00017313019390582246
2183,ZNHIT6,493,0.00017313019390582246
82,AMPD2,121,0.00017313019390582246
147,ASTN2,80,0.00017313019390581552
1091,LPHN1,80,0.00017313019390581552
83,AMPD3 /// CAND1.11,204,0.00017313019390581552
1423,PDGFRA,286,0.00017313019390581552
198,BCR,292,0.00017313019390581552
5,ABCC1,80,0.00017313019390581552
906,IER5,80,0.00017313019390581552
1463,PKNOX2,80,0.00017313019390581552
86,ANGPT1,180,0.00017313019390581552
1634,RARRES1,180,0.00017313019390581552
191,BBS9,180,0.00017313019390581552
405,COL15A1,180,0.00017313019390581552
1185,MIR3656 /// TRAPPC4,180,0.00017313019390581552
1132,MAP1A,180,0.00017313019390581552
923,IL1R1,80,0.00017313019390581552
1632,RARB,204,0.00017313019390581552
174,AVPR1A,174,0.00017313019390581552
98,ANPEP,80,0.00017313019390581552
1081,LOC101928717 /// SLC19A1,180,0.00017313019390581552
1581,PTGER3,180,0.00017313019390581552
44,ADO,180,0.00017313019390581552
1316,NOP10,80,0.00017313019390581552
1743,SELP,292,0.00017313019390581552
273,CASQ2,292,0.00017313019390581552
57,AHCYL2,80,0.00017313019390581552
241,C20orf24 /// TGIF2-C20orf24,80,0.00017313019390581552
1761,SGCB,286,0.00017313019390581552
1490,PNLIP,64,0.00017313019390581552
47,ADRA2A,286,0.00017313019390581552
230,C14orf2,80,0.00017313019390581552
1196,MIR6875 /// TRIP6,64,0.00017313019390581552
232,C18orf8,80,0.00017313019390581552
1086,LOC202181,80,0.00017313019390581552
579,EIF4E2,180,0.00017313019390581552
1695,RPS28,80,0.00017313019390581552
1848,SNX17,204,0.00017313019390581552
549,DPYSL3,180,0.00017313019390581552
204,BMP15,204,0.00017313019390581552
1684,RPL22,80,0.00017313019390581552
51,AGAP11 /// AGAP4 /// AGAP6 /// AGAP7P /// CTGLF12P /// LOC101060581,80,0.00017313019390581552
1691,RPS12,80,0.00017313019390581552
555,DUSP5,80,0.00017313019390581552
1093,LPL,180,0.00017313019390581552
1096,LRP3,180,0.00017313019390581552
2030,TRAM2,180,0.00017313019390581552
885,HS2ST1,286,0.00017313019390581552
1330,NPR3,292,0.00017313019390581552
463,CYP2C9,64,0.00017313019390581552
1796,SLC2A4,69,0.00017313019390581552
1281,NDUFS2,180,0.00017313019390581552
748,GLYAT,292,0.00017313019390581552
386,CLEC2B,80,0.00017313019390581552
781,GRB2,80,0.00017313019390581552
2120,WDR47,286,0.00017313019390581552
1073,LOC100652930 /// NPEPL1 /// STX16-NPEPL1,80,0.00017313019390581552
380,CLCN4,80,0.00017313019390581552
988,KIAA0040,286,0.00017313019390581552
150,ATG101,80,0.00017313019390581552
155,ATP13A3,80,0.00017313019390581552
1798,SLC35A2,286,0.00017313019390581552
1938,TBPL1,180,0.00017313019390581552
633,EYA3,204,0.00017313019390581552
76,ALS2CL,463,0.00017313019390581552
1739,SEC61B,298,0.00017313019390581552
1541,PRKRIR,463,0.00017313019390581552
2035,TRHDE,180,0.00017313019390581552
1447,PHTF1,286,0.00017313019390581552
1531,PRIM1,298,0.00017313019390581552
778,GPSM2,286,0.00017313019390581552
2041,TRIM33,80,0.00017313019390581552
298,CCNE2,298,0.00017313019390581552
634,EZR,80,0.00017313019390581552
1980,TMC7,64,0.00017313019390581552
1872,SPTLC3,64,0.00017313019390581552
1646,RCAN2,180,0.00017313019390581552
1253,NACA,80,0.00017313019390581552
1430,PEG3,80,0.00017313019390581552
614,EPHB6,69,0.00017313019390581552
1881,SSX2IP,180,0.00017313019390581552
518,DLGAP4,286,0.00017313019390581552
1373,OR1F1,64,0.00017313019390581552
1708,RUFY3,286,0.00017313019390581552
91,ANKRD26,80,0.00017313019390581552
1876,SRP72,292,0.00017313019390581552
752,GNAO1,64,0.00017313019390581552
514,DKK2,204,0.00017313019390581552
1800,SLC35D2,80,0.00017313019390581552
795,GSE1,180,0.00017313019390581552
89,ANKEF1,69,0.00017313019390581552
1668,RNF19B,80,0.00017313019390581552
1813,SLC8B1,172,6.938893903907228e-18
202,BLM,66,6.938893903907228e-18
1481,PLK1,66,6.938893903907228e-18
2126,WHSC1,172,6.938893903907228e-18
314,CDC25A,359,0.0
318,CDC42BPA,381,0.0
1502,POM121C,330,0.0
2043,TRIM45,91,0.0
321,CDC6,321,0.0
311,CDC16,381,0.0
310,CDC14B,158,0.0
323,CDCA3,394,0.0
313,CDC23,138,0.0
1626,RALGPS1,252,0.0
1622,RAD54L,201,0.0
1620,RAD51AP1,24,0.0
317,CDC37,349,0.0
1635,RARS,138,0.0
2178,ZNF507,41,0.0
1258,NAT6,214,0.0
2021,TPI1,24,0.0
2020,TP63,100,0.0
307,CD302 /// LY75 /// LY75-CD302,138,0.0
305,CD1E,251,0.0
2028,TRAF6,381,0.0
1450,PIAS1,470,0.0
1247,MYOM1,194,0.0
1448,PHTF2,343,0.0
1512,PPFIBP1,254,0.0
315,CDC25C,315,0.0
1236,MYH14,301,0.0
1237,MYH4,8,0.0
1240,MYLK,170,0.0
2048,TROAP,359,0.0
2036,TRIM15,119,0.0
2037,TRIM22,358,0.0
1244,MYO16,136,0.0
1996,TMEM45A,254,0.0
2009,TNMD,319,0.0
2006,TNFRSF25,201,0.0
2018,TP53TG1,223,0.0
2017,TOX4,361,0.0
2015,TOX,390,0.0
2012,TOM1L2,381,0.0
364,CFTR,364,0.0
379,CLCA2,429,0.0
375,CIRBP,358,0.0
373,CIDEA,373,0.0
383,CLDN3,383,0.0
381,CLDN10,381,0.0
395,CNGA1,391,0.0
393,CLPB,34,0.0
1221,MST1L,485,0.0
1656,RGS1,91,0.0
1648,RDH11,475,0.0
1651,RERGL,19,0.0
1156,MCAM /// MIR6756,63,0.0
1157,MCCC2,330,0.0
1159,MCFD2,402,0.0
1149,MAST4,242,0.0
392,CLMN,0,0.0
1140,MAPK8IP2,8,0.0
78,AMBP,78,0.0
342,CEACAM21,251,0.0
343,CEBPA,475,0.0
344,CEL,390,0.0
388,CLEC4M,404,0.0
389,CLIC1,361,0.0
391,CLIC5,254,0.0
80,AMOT,210,0.0
1225,MTMR12,381,0.0
1213,MPDZ,307,0.0
1218,MRPL18,15,0.0
1206,MMP15,390,0.0
1207,MMP25,271,0.0
1197,MKI67,154,0.0
48,ADRB2,373,0.0
357,CEP135,358,0.0
1203,MLXIPL,152,0.0
1638,RBBP4P4 /// RBBP4P4,426,0.0
1640,RBM19,404,0.0
1642,RBM5,381,0.0
1643,RBP4,21,0.0
272,CASP5,284,0.0
328,CDH2,455,0.0
331,CDHR5,331,0.0
1201,MLLT4,241,0.0
358,CEP55,358,0.0
360,CES1 /// LOC100653057,373,0.0
1141,MAPK9,31,0.0
1147,MARS /// MIR6758,475,0.0
1135,MAP3K14,439,0.0
1137,MAP4K2,386,0.0
1190,MIR600 /// MIR600HG,155,0.0
1223,MTHFD2,242,0.0
1193,MIR6516 /// SCARNA16 /// SNHG20,91,0.0
96,ANO3,390,0.0
94,ANKS1B,94,0.0
92,ANKRD34C,92,0.0
1164,MDFIC,475,0.0
1167,ME3,307,0.0
1171,MELK,158,0.0
104,AP3S1,91,0.0
1192,MIR622,365,0.0
2177,ZNF471,233,0.0
2184,ZSCAN2,301,0.0
176,AZIN1,395,0.0
2085,UGCG,307,0.0
2090,UGT2B15,365,0.0
2091,UHRF1BP1L,0,0.0
2076,UBE2C,389,0.0
1569,PSMC2,439,0.0
1266,NCAPG2,134,0.0
1559,PRSS53,74,0.0
1381,OSBPL10,330,0.0
1382,OSBPL7,390,0.0
2181,ZNF814,400,0.0
1385,P2RX2,96,0.0
1459,PIP5K1B,75,0.0
52,AGAP2,331,0.0
1374,OR1G1,414,0.0
1557,PRRX1,307,0.0
1348,NSUN7,117,0.0
1340,NR2F1 /// NR2F2,194,0.0
1332,NPY1R,122,0.0
2157,ZMIZ2,301,0.0
1336,NR1D1 /// THRA,18,0.0
1337,NR1I2,119,0.0
1339,NR2E3,241,0.0
1325,NPEPL1,386,0.0
173,AVL9,83,0.0
196,BCL6,434,0.0
201,BIRC5,201,0.0
2169,ZNF230,317,0.0
188,BAZ2A,446,0.0
2164,ZNF204P,390,0.0
192,BCAM,433,0.0
181,BACE1,133,0.0
186,BAIAP3,390,0.0
172,AVIL,381,0.0
1574,PSMD14,358,0.0
1536,PRKACA,63,0.0
1526,PRC1,54,0.0
1529,PRELP,130,0.0
139,ASB13,381,0.0
1521,PPP4R2,244,0.0
1404,PAX2,86,0.0
1407,PCDH1,386,0.0
1399,PARD6B,88,0.0
1375,OR52A1,100,0.0
134,ARMC9,434,0.0
133,ARL8B,81,0.0
132,ARL6IP4,15,0.0
2097,USF2,433,0.0
2122,WDR52,381,0.0
2096,UROS,252,0.0
2105,VDR,330,0.0
2092,UNC119,318,0.0
138,ASB1,439,0.0
1376,OR7E12P,381,0.0
1359,NXT1,307,0.0
64,AKR1B10,390,0.0
1540,PRKCA,475,0.0
121,ARHGAP12,411,0.0
1393,PAK6,91,0.0
1391,PAEP,93,0.0
109,APOB,109,0.0
1542,PRKX /// PRKY,35,0.0
113,APPL2,330,0.0
168,ATP8B3,386,0.0
1389,P2RY2,95,0.0
170,AURKA,170,0.0
162,ATP5L,343,0.0
154,ATMIN,330,0.0
125,ARHGEF26,8,0.0
144,ASPM,144,0.0
146,ASTN1,390,0.0
1390,P4HA1,395,0.0
1272,NCRNA00185 /// TTTY14,381,0.0
1274,NDFIP1,223,0.0
725,GBAS,475,0.0
738,GHRH,301,0.0
1267,NCAPH,133,0.0
1608,RAB27B,379,0.0
746,GLS,455,0.0
1599,PTTG1,31,0.0
1299,NGDN,475,0.0
691,FLJ42627,91,0.0
1602,PVRL1,29,0.0
690,FLJ11292,365,0.0
210,BOLA2 /// BOLA2B,358,0.0
687,FKRP,390,0.0
264,CADM4,411,0.0
40,ADCY10,365,0.0
266,CAMK2B,331,0.0
1601,PVR,74,0.0
2189,ZXDA /// ZXDB,453,0.0
729,GCNT4,421,0.0
2034,TREM1,402,0.0
726,GBX2,424,0.0
293,CCL20,402,0.0
285,CCDC68,100,0.0
288,CCDC90B,83,0.0
290,CCKBR,290,0.0
1271,NCR3,393,0.0
1284,NEDD9,254,0.0
1285,NEFL,390,0.0
1286,NEIL3,488,0.0
1289,NEK3,91,0.0
1290,NEU3,241,0.0
1277,NDUFA2,455,0.0
1278,NDUFA5,290,0.0
1282,NEBL,335,0.0
1270,NCR1,446,0.0
1235,MYH13,331,0.0
1305,NKX2-1,479,0.0
2161,ZNF134,83,0.0
2159,ZNF10,381,0.0
1293,NFATC1,138,0.0
2068,TWIST1,254,0.0
2072,TYRP1,390,0.0
2075,UBASH3A,390,0.0
2067,TVP23B,433,0.0
252,C9orf9,63,0.0
231,C14orf93,94,0.0
233,C19orf10,122,0.0
223,BUB1,223,0.0
213,BRINP3,91,0.0
214,BRS3,214,0.0
215,BSPRY,215,0.0
1295,NFRKB,381,0.0
2158,ZMYND11,394,0.0
229,C14orf1,439,0.0
253,CA1,241,0.0
254,CA4,254,0.0
244,C5,192,0.0
39,ADAMTS7,301,0.0
247,C6orf123,247,0.0
38,ADAMTS13,384,0.0
251,C9orf16,349,0.0
242,C2CD2L,74,0.0
1302,NIPBL,63,0.0
2057,TTC22,365,0.0
1589,PTP4A2,381,0.0
1591,PTPN13,133,0.0
2163,ZNF184,63,0.0
1584,PTGS1,439,0.0
1586,PTHLH,381,0.0
1322,NPAS1,8,0.0
1312,NMRK2,251,0.0
1315,NOL7,361,0.0
36,ADAM2,448,0.0
1897,STEAP1B,390,0.0
1887,ST6GALNAC4,260,0.0
1878,SRSF5,254,0.0
1880,SSH3,35,0.0
1882,SSX3 /// SSX5 /// SSX7,159,0.0
1869,SPTBN1,330,0.0
1870,SPTBN2,147,0.0
1874,SRGAP3,335,0.0
1875,SRP54,433,0.0
616,EPHX3,470,0.0
457,CYB561,81,0.0
608,EPB41L4A-AS2,390,0.0
609,EPB41L4B,330,0.0
611,EPHA1,241,0.0
1788,SLC22A13,57,0.0
1792,SLC26A1,8,0.0
1793,SLC2A1,28,0.0
1794,SLC2A14 /// SLC2A3,395,0.0
1795,SLC2A3,91,0.0
1781,SLC16A6,194,0.0
1782,SLC16A8,74,0.0
619,ERBB3,96,0.0
649,FAM153A /// FAM153B /// LOC100507387 /// LOC102725213,301,0.0
650,FAM182A /// FAM182B /// FAM27B /// FAM27C,301,0.0
651,FAM189A2,318,0.0
638,F5,229,0.0
639,F7,381,0.0
641,FABP7,384,0.0
642,FADS3,373,0.0
628,ESRP2 /// MIR6773,390,0.0
630,EXD2,97,0.0
631,EXO1,394,0.0
1803,SLC38A4,210,0.0
787,GRK4,365,0.0
836,HCRTR1,271,0.0
841,HERC1,402,0.0
833,HBP1,330,0.0
822,HAB1,301,0.0
824,HAL,273,0.0
825,HAND2,301,0.0
826,HAPLN1,214,0.0
812,GTSE1 /// TRMU,154,0.0
813,GYG2,400,0.0
622,ERGIC2,433,0.0
1765,SH3TC2,34,0.0
1766,SHCBP1,35,0.0
536,DNM3,381,0.0
537,DNMT1,349,0.0
539,DOCK1,358,0.0
525,DMXL2,439,0.0
526,DNAAF1,379,0.0
527,DNAH9,8,0.0
583,ELAC1,119,0.0
564,ECHDC3,343,0.0
1784,SLC19A1,52,0.0
568,EDDM3A,341,0.0
569,EEF1A1,307,0.0
556,DUX1 /// DUX3 /// DUX5,345,0.0
560,E4F1,130,0.0
1770,SIPA1L3,307,0.0
1771,SIRT3,433,0.0
1757,SETMAR,133,0.0
1759,SFRP5,233,0.0
1760,SFT2D3 /// WDR33,193,0.0
1762,SGCD,400,0.0
565,ECM1,81,0.0
1786,SLC1A4,307,0.0
1775,SKA1,39,0.0
1776,SKIL,254,0.0
1779,SLC13A1,49,0.0
868,HMMR,260,0.0
872,HNRNPA3P1,390,0.0
864,HMGCR,138,0.0
855,HIST1H4J,260,0.0
858,HK1,412,0.0
845,HGF,15,0.0
1764,SH3BP5,242,0.0
904,IDO1,254,0.0
892,HSPA13,433,0.0
893,HSPA1A /// HSPA1B,381,0.0
898,HTR4,364,0.0
899,HTR7,331,0.0
884,HRG,257,0.0
886,HSD17B6,247,0.0
888,HSD3B2,431,0.0
889,HSDL2,307,0.0
877,HOXD9,470,0.0
882,HPS1,439,0.0
850,HIP1R,361,0.0
1462,PKM,330,0.0
7,ABCD2,7,0.0
4,ABCB1 /// ABCB4,83,0.0
3,ABCA2,152,0.0
34,ADAM15,475,0.0
2,AASS,91,0.0
20,ACBD4,466,0.0
21,ACD,15,0.0
22,ACHE,251,0.0
25,ACRV1,25,0.0
647,FAM149A,307,0.0
12,ABLIM1,330,0.0
1,AAMDC,475,0.0
0,AAK1,254,0.0
718,GAGE1 /// GAGE12B /// GAGE12C /// GAGE12D /// GAGE12E /// GAGE12F /// GAGE12G /// GAGE12H /// GAGE12I /// GAGE12J /// GAGE13 /// GAGE2A /// GAGE2B /// GAGE2C /// GAGE2D /// GAGE2E /// GAGE3 /// GAGE4 /// GAGE5 /// GAGE6 /// GAGE7 /// GAGE8,428,0.0
721,GALNT7,152,0.0
722,GANAB,400,0.0
723,GAPDH,395,0.0
1828,SMS,358,0.0
1857,SPAG4,381,0.0
1858,SPAG5,130,0.0
26,ACSL1,434,0.0
2132,WWOX,97,0.0
2133,WWTR1,475,0.0
2138,YARS,395,0.0
2128,WIZ,439,0.0
69,ALDH5A1,307,0.0
70,ALDH9A1,475,0.0
74,ALPP /// ALPPL2,341,0.0
75,ALPPL2,301,0.0
60,AK4 /// LOC100507855,21,0.0
61,AKAP13,91,0.0
1461,PKLR,74,0.0
716,GABRA5,100,0.0
1492,PNMAL1,63,0.0
1494,PNPLA2,63,0.0
1498,POLQ,315,0.0
1484,PLOD1,158,0.0
2151,ZFP2,252,0.0
1483,PLLP,381,0.0
1474,PLCH1,241,0.0
1475,PLCL1,381,0.0
1460,PKI55,395,0.0
63,AKR1B1,439,0.0
1806,SLC4A7,307,0.0
1807,SLC52A1,301,0.0
1808,SLC6A2,252,0.0
779,GRAP,390,0.0
764,GP1BA,251,0.0
765,GP5,117,0.0
770,GPLD1,458,0.0
763,GOLT1B,433,0.0
751,GNAL,242,0.0
806,GTF2H1,83,0.0
713,FZD4,307,0.0
800,GSTM4,475,0.0
803,GTF2A1L /// STON1-GTF2A1L,284,0.0
783,GRIA1,409,0.0
785,GRIA4,284,0.0
597,EMC7,75,0.0
602,EMR1,390,0.0
590,ELOVL2,15,0.0
592,ELSPBP1,335,0.0
595,EMC3,475,0.0
646,FAM13A,307,0.0
809,GTPBP10 /// LOC101927446,399,0.0
714,G6PC3,138,0.0
700,FOXG1,365,0.0
702,FOXM1,308,0.0
693,FLT3,390,0.0
694,FLT4,390,0.0
698,FN3K,309,0.0
699,FOXD1,138,0.0
680,FGF14,445,0.0
675,FER1L4,384,0.0
662,FASTKD5,341,0.0
1805,SLC4A4,330,0.0
667,FBXL8,345,0.0
658,FAM64A,317,0.0
1864,SPDL1,138,0.0
1865,SPIB,214,0.0
1855,SOX2,365,0.0
1822,SMC2,83,0.0
1823,SMC4,97,0.0
1827,SMR3A,104,0.0
1812,SLC8A1,284,0.0
1814,SLCO1C1,81,0.0
1819,SMARCA2,15,0.0
664,FBLN5,83,0.0
1038,LAMA2,134,0.0
1041,LAMP5,455,0.0
1701,RREB1,343,0.0
1704,RRN3,400,0.0
1705,RRP15,307,0.0
1706,RS1,8,0.0
1698,RRAGB,381,0.0
1699,RRAGD,330,0.0
1687,RPL41,81,0.0
1690,RPP21 /// TRIM39 /// TRIM39-RPP21,15,0.0
1750,SEPT6,381,0.0
1099,LRRC59,307,0.0
1085,LOC102724905,365,0.0
1077,LOC101927051,301,0.0
1080,LOC101928278,462,0.0
419,CPB1,390,0.0
411,COMT,373,0.0
397,CNOT6,83,0.0
401,CNTFR,390,0.0
402,CNTNAP2,94,0.0
453,CXCL8,402,0.0
1677,RP3-359N14.1,12,0.0
482,DCAF4,381,0.0
468,CYP46A1,254,0.0
464,CYP2E1,379,0.0
1949,TECTA,252,0.0
1950,TEKT2,365,0.0
1952,TEX40,214,0.0
1940,TBXA2R,25,0.0
1015,KLF11,475,0.0
1005,KIF24,271,0.0
1009,KIF5C,210,0.0
1037,LAD1,454,0.0
1060,LINC00115,223,0.0
1054,LHPP,63,0.0
1055,LHX5,301,0.0
1057,LILRA4,202,0.0
1058,LIM2,190,0.0
1044,LBP,193,0.0
1046,LDB3,95,0.0
1047,LDLR,254,0.0
1050,LEPR /// LEPROT,330,0.0
1051,LFNG,251,0.0
1011,KIR2DL4,211,0.0
1072,LOC100507388,184,0.0
1075,LOC100996724 /// LOC100996761 /// LOC101929792 /// LOC101930416 /// PDE4DIP,194,0.0
1125,MALL,134,0.0
1126,MALT1,433,0.0
1121,MAGEA12,176,0.0
1122,MAGI1,395,0.0
1110,LY6G6E,365,0.0
1113,LYRM9,466,0.0
1115,LZTS1,411,0.0
1102,LRTM1,179,0.0
456,CXorf36,210,0.0
1672,RP11-116O18.1,14,0.0
1673,RP11-348N5.7,233,0.0
1674,RP11-429B14.4,409,0.0
1675,RP11-496I2.2,365,0.0
1661,RHEB,395,0.0
1662,RHPN1-AS1,18,0.0
1663,RIMBP2,412,0.0
1664,RIOK2,83,0.0
1666,RNASEH2A,15,0.0
1653,RFX3,210,0.0
1106,LSS,475,0.0
2147,ZBTB39,273,0.0
458,CYP11A1,370,0.0
459,CYP11B1,369,0.0
446,CUBN,390,0.0
449,CX3CR1,133,0.0
450,CXADR,1,0.0
437,CTC-338M12.4,138,0.0
441,CTNND1 /// TMX2-CTNND1,307,0.0
442,CTSF,223,0.0
429,CSH1 /// CSHL1 /// GH1,379,0.0
1070,LOC100288570,54,0.0
1991,TMEM246,390,0.0
1983,TMED9,307,0.0
1985,TMEM121,301,0.0
420,CRHBP,420,0.0
421,CRX,386,0.0
424,CRYBG3,307,0.0
427,CSH1 /// CSH2,384,0.0
414,COX15,343,0.0
416,COX6B1P3 /// COX6B1P3,214,0.0
1082,LOC101929036 /// PAH,183,0.0
1068,LMO4,381,0.0
1990,TMEM209,379,0.0
554,DUOX1,194,0.0
545,DPP6,348,0.0
547,DPY19L1P1,390,0.0
535,DNM1L,83,0.0
929,IL3RA,240,0.0
920,IL13,301,0.0
910,IGF2R,341,0.0
915,IHH,290,0.0
964,JRK,91,0.0
967,KAT5,466,0.0
476,DAK,194,0.0
971,KCNC3,241,0.0
958,IVNS1ABP,349,0.0
962,JAK3,446,0.0
949,ITGBL1,455,0.0
950,ITIH1,244,0.0
951,ITIH3,444,0.0
952,ITIH4,381,0.0
953,ITIH5,242,0.0
942,IRF2BP1,446,0.0
943,ITCH,223,0.0
968,KAT6A,394,0.0
1751,SEPT7,78,0.0
1754,SERPINA5,390,0.0
1755,SERPINB13,28,0.0
1741,SECISBP2L,15,0.0
1746,SEMA6D,381,0.0
933,INHBA,254,0.0
937,INTS8,434,0.0
924,IL1RAP,395,0.0
925,IL1RL1,390,0.0
926,IL23A /// TCRBV10S1P /// TRBV21-1 /// TRBV21-1,251,0.0
1905,STS,400,0.0
1916,SV2B,254,0.0
1917,SVEP1,433,0.0
1919,SYCE1L,18,0.0
1920,SYN2,192,0.0
1922,T,390,0.0
1923,TAC1,194,0.0
1911,SULT1E1,365,0.0
1912,SULT2A1,181,0.0
1915,SV2A,475,0.0
1901,STK3,361,0.0
1902,STK38L,194,0.0
1931,TAS2R3,229,0.0
1927,TAF6L,18,0.0
1930,TAS2R10,381,0.0
1738,SEC61A1,158,0.0
1726,SCEL,1,0.0
1730,SCN5A,390,0.0
1719,SAMD4B,179,0.0
1720,SAP30,395,0.0
1722,SAV1,154,0.0
1712,RXRB,237,0.0
1028,KRAS,307,0.0
947,ITGB4,83,0.0
1031,KRT7,96,0.0
1032,KRT86 /// LOC100509764,390,0.0
1034,KRTAP1-3,195,0.0
1020,KLK13,202,0.0
1022,KLK3,365,0.0
1024,KLRF1,390,0.0
1025,KNTC1,200,0.0
1012,KIR2DS3,210,0.0
432,CSNK1D,254,0.0
489,DDR1-AS1,386,0.0
1030,KRT37,197,0.0
990,KIAA0195 /// MIR6785,330,0.0
980,KDELC1,63,0.0
986,KHDC1L,233,0.0
972,KCNH2,381,0.0
973,KCNH6,301,0.0
974,KCNIP2,240,0.0
975,KCNJ13,239,0.0
976,KCNJ3,237,0.0
977,KCNJ5,211,0.0
1943,TCL6,249,0.0
499,DERA,433,0.0
1932,TAS2R7,230,0.0
1934,TBC1D31,83,0.0
1939,TBX5,248,0.0
520,DMBT1,241,0.0
522,DMPK,475,0.0
523,DMRT1,390,0.0
509,DIAPH2-AS1,453,0.0
502,DHODH,1,0.0
495,DEFA6,362,0.0
496,DEFB1,390,0.0
497,DEK,361,0.0
1946,TCTN3,152,0.0
1544,PRLR,50,-0.0001731301939057947
1328,NPM1P22 /// NPM1P22,50,-0.0001731301939057947
1625,RALBP1,50,-0.0001731301939057947
870,HNMT,450,-0.00017313019390580164
1501,POLR2J4,450,-0.00017313019390580164
1493,PNN,450,-0.00017313019390580164
1752,SERINC1,450,-0.00017313019390580164
618,EPN2 /// EPN2-IT1,450,-0.00017313019390580164
874,HNRNPDL,450,-0.00017313019390580164
993,KIAA0754,450,-0.00017313019390580164
987,KHDRBS1,450,-0.00017313019390580164
871,HNRNPA1,450,-0.00017313019390580164
839,HEATR6,450,-0.00017313019390580164
53,AGFG1,450,-0.00017313019390580164
493,DDX28,450,-0.00017313019390580164
1016,KLHDC10,450,-0.00017313019390580164
1986,TMEM132A,450,-0.00017313019390580164
1252,NAA15,450,-0.00017313019390580164
561,EBLN2,450,-0.00017313019390580164
524,DMWD,450,-0.00017313019390580164
2065,TUBB2B,450,-0.00017313019390580164
2186,ZSCAN9,450,-0.00017313019390580164
167,ATP6V1G2-DDX39B /// DDX39B /// SNORD84,450,-0.00017313019390580164
281,CBX1,450,-0.00017313019390580164
807,GTF2H2B,450,-0.00017313019390580164
1417,PDCD6,450,-0.00017313019390580164
1301,NINJ2,450,-0.00017313019390580164
189,BBIP1,450,-0.00017313019390580164
1108,LUC7L,450,-0.00017313019390580164
985,KEL,234,-0.00017313019390581552
41,ADCY9,126,-0.00017313019390581552
2174,ZNF362,207,-0.00017313019390581552
757,GNG4,146,-0.00017313019390581552
1824,SMC5,438,-0.00017313019390581552
1866,SPINK2,146,-0.00017313019390581552
710,FUT1,432,-0.00017313019390581552
207,BMPR1B,207,-0.00017313019390581552
1454,PIGC,126,-0.00017313019390581552
682,FGFR1,216,-0.00017313019390581552
1618,RAD21,438,-0.00017313019390581552
1676,RP3-334F4.2,13,-0.00017313019390581552
1650,REM1,432,-0.00017313019390581552
501,DESI2,438,-0.00017313019390581552
1724,SCAMP1,438,-0.00017313019390581552
1007,KIF2C,216,-0.00017313019390581552
1928,TAL1,432,-0.00017313019390581552
1707,RSRC1,438,-0.00017313019390581552
1160,MCM2,163,-0.00017313019390581552
1630,RANBP10,126,-0.00017313019390581552
356,CENPN,473,-0.00017313019390581552
1314,NNAT,126,-0.00017313019390581552
1606,RAB11B,126,-0.00017313019390581552
2099,USP14,163,-0.00017313019390581552
2098,USP1,438,-0.00017313019390581552
384,CLDN5,484,-0.0003462603878116241
1631,RAPGEF3,484,-0.0003462603878116241
1637,RASL12,484,-0.0003462603878116241
1859,SPARCL1,484,-0.0003462603878116241
1835,SNRK,484,-0.0003462603878116241
776,GPR56,484,-0.0003462603878116241
1671,ROBO4,484,-0.0003462603878116241
474,DACH1,484,-0.0003462603878116241
1692,RPS18,336,-0.0003462603878116241
448,CX3CL1,484,-0.0003462603878116241
1826,SMIM8,336,-0.0003462603878116241
756,GNG11,484,-0.0003462603878116241
329,CDH5,484,-0.0003462603878116241
106,APLNR,484,-0.0003462603878116241
1172,MEOX1,484,-0.0003462603878116241
1210,MMRN2,484,-0.0003462603878116241
1158,MCF2L,484,-0.0003462603878116241
2116,VWF,484,-0.0003462603878116241
1968,TIE1,484,-0.0003462603878116241
593,ELTD1,484,-0.0003462603878116241
606,EPAS1,484,-0.0003462603878116241
896,HSPH1,484,-0.0003462603878116241
903,ICAM2,484,-0.0003462603878116241
984,KDR,484,-0.0003462603878116241
934,INHBB,484,-0.0003462603878116241
1429,PECAM1,484,-0.0003462603878116241
1056,LHX6,484,-0.0003462603878116241
1716,S1PR1,484,-0.0003462603878116241
1317,NOTCH4,484,-0.0003462603878116241
2019,TP53TG3 /// TP53TG3B /// TP53TG3C /// TP53TG3D,336,-0.0003462603878116241
308,CD34,484,-0.0003462603878116241
621,ERG,484,-0.0003462603878116241
1014,KL,484,-0.0003462603878116241
944,ITGA6,484,-0.0003462603878116241
961,JAG2,484,-0.0003462603878116241
966,KANK3,484,-0.0003462603878116241
540,DOCK9,484,-0.0003462603878116241
571,EGFL7,484,-0.0003462603878116241
1658,RGS5,484,-0.0003462603878116241
190,BBS10,336,-0.0003462603878116241
741,GJA4,484,-0.0003462603878116241
124,ARHGEF15,484,-0.0003462603878116241
773,GPR116,484,-0.0003462603878116241
1852,SOD3,484,-0.0003462603878116241
9,ABHD6,474,-0.00034626038781163104
1525,PRB1,397,-0.00034626038781163104
1398,PAPPA2,416,-0.00034626038781163104
1414,PCNXL2,44,-0.00034626038781163104
1856,SOX5,489,-0.00034626038781163104
1130,MAOA,474,-0.00034626038781163104
160,ATP2B4,265,-0.00034626038781163104
184,BAI3,61,-0.00034626038781163104
203,BMP1,474,-0.00034626038781163104
743,GJB4,299,-0.00034626038781163104
552,DTL,346,-0.00034626038781163104
2003,TMSB15A /// TMSB15B,232,-0.00034626038781163104
1300,NGLY1,44,-0.00034626038781163104
1304,NIT1,474,-0.00034626038781163104
1600,PTTG3P,30,-0.00034626038781163104
2084,UFC1,30,-0.00034626038781163104
504,DHRS7B,474,-0.00034626038781163104
345,CELF1,44,-0.00034626038781163104
368,CHKB,44,-0.00034626038781163104
1334,NR0B1,457,-0.00034626038781163104
916,IKBKB,139,-0.00034626038781163104
1036,L1TD1,270,-0.00034626038781163104
989,KIAA0101,232,-0.00034626038781163104
617,EPM2A,474,-0.00034626038781163104
221,BTNL2,221,-0.00034626038781163104
265,CALB2,265,-0.00034626038781163104
1758,SEZ6L,443,-0.00034626038781163104
1883,SSX4 /// SSX4B,164,-0.00034626038781163104
605,ENY2,44,-0.00034626038781163104
851,HIST1H2AG /// HIST1H2AH /// HIST1H2AI /// HIST1H2AK /// HIST1H2AL /// HIST1H2AM,30,-0.00034626038781163104
2102,VAC14,416,-0.00034626038781163104
510,DICER1,30,-0.00034626038781163104
107,APLP2,474,-0.00034626038781163104
71,ALDOAP2,71,-0.00034626038781163104
831,HBD,408,-0.00034626038781163104
832,HBG1 /// HBG2,408,-0.00034626038781163104
837,HCRTR2,270,-0.00034626038781163104
627,ESR1,44,-0.00034626038781163104
654,FAM35A,457,-0.00034626038781163104
666,FBXL5,474,-0.00034626038781163104
676,FERMT1,270,-0.00034626038781163104
1790,SLC25A12,44,-0.00034626038781163104
1476,PLEKHA6,299,-0.00034626038781163104
769,GPD1L,474,-0.00034626038781163104
2053,TSPAN1,481,-0.00034626038781163104
286,CCDC70,397,-0.00034626038781163104
491,DDX19A /// DDX19B,139,-0.00034626038781163104
1220,MRPS11,232,-0.00034626038781163104
1074,LOC100996668 /// ZEB1,139,-0.00034626038781163104
1097,LRP8,346,-0.00034626038781163104
1552,PRPF4,44,-0.00034626038781163104
1505,POU3F3,61,-0.00034626038781163104
703,FOXO1,474,-0.00034626038781163104
256,CAB39L,139,-0.00034626038781163104
1468,PLA2G5,416,-0.00034626038781163104
1657,RGS11,416,-0.00034626038781163104
1168,MEA1,139,-0.00034626038781163104
1231,MYBL1,139,-0.00034626038781163104
1987,TMEM187,474,-0.00034626038781163104
1633,RARG,346,-0.00034626038781163104
135,ARMCX6,150,-0.0005193905817174257
1211,MORF4L2,150,-0.0005193905817174257
1212,MOSPD1,150,-0.0005193905817174257
406,COL21A1,150,-0.0005193905817174257
1189,MIR5193 /// UBA7,150,-0.0005193905817174257
1019,KLHL9,150,-0.0005193905817174257
19,ACBD3,150,-0.0005193905817174257
1737,SEC13,150,-0.0005193905817174257
1944,TCOF1,353,-0.0005193905817174396
1873,SQLE,353,-0.0005193905817174396
97,ANP32B,353,-0.0005193905817174396
353,CENPF,353,-0.0005193905817174396
1436,PFDN4,353,-0.0005193905817174396
1709,RUVBL2,353,-0.0005193905817174396
1243,MYO15B,354,-0.0005193905817174466
1248,MYOZ2,347,-0.0005193905817174466
1570,PSMC3IP,220,-0.0005193905817174466
413,COPS6,437,-0.0005193905817174466
1809,SLC7A10,76,-0.0005193905817174466
428,CSH1 /// CSH2 /// CSHL1 /// GH1,380,-0.0005193905817174466
1683,RPL17 /// RPL17-C18orf32 /// SNORD58A /// SNORD58B /// SNORD58C,98,-0.0005193905817174466
1246,MYOC,246,-0.0005193905817174466
701,FOXL2,118,-0.0005193905817174466
2046,TRIP13,220,-0.0005193905817174466
2040,TRIM3,283,-0.0005193905817174466
161,ATP4A,161,-0.0005193905817174466
705,FRMPD4,436,-0.0005193905817174466
1564,PSKH1,3,-0.0005193905817174466
854,HIST1H4H,283,-0.0005193905817174466
1971,TIMM50,283,-0.0005193905817174466
632,EXO5,98,-0.0005193905817174466
260,CACNA1I,111,-0.0005193905817174466
212,BRCA1,220,-0.0005193905817174466
246,C6,246,-0.0005193905817174466
205,BMP5,205,-0.0005193905817174466
1504,POPDC2,283,-0.0005193905817174466
178,B3GNTL1,111,-0.0005193905817174466
2073,UBA5,98,-0.0005193905817174466
1000,KIF18B,220,-0.0005193905817174466
354,CENPI,354,-0.0005193905817174466
927,IL26,347,-0.0005193905817174466
2027,TRAF3,111,-0.0005193905817174466
1769,SIK3,220,-0.0005193905817174466
1727,SCGN,3,-0.0005193905817174466
1027,KPNB1,220,-0.0005193905817174466
1453,PIDD1,98,-0.0005193905817174466
2185,ZSCAN5A,347,-0.0005193905817174466
541,DOHH,283,-0.0005193905817174466
819,H2AFY,437,-0.0005193905817174466
551,DSC1,347,-0.0005193905817174466
2127,WIF1,177,-0.0005193905817174466
512,DIRAS2,118,-0.0005193905817174466
2134,XAGE1B /// XAGE1E,111,-0.0005193905817174466
1338,NR1I3,118,-0.0005193905817174466
1380,ORC6,98,-0.0005193905817174466
793,GS1-124K5.9,283,-0.0005193905817174466
1413,PCNA,437,-0.0005193905817174466
1358,NXF2 /// NXF2B,111,-0.0005193905817174466
890,HSP90AA1,98,-0.0005193905817174466
1120,MAGEA10,177,-0.0005193905817174466
1416,PDCD4-AS1,440,-0.0005193905817174604
2153,ZFR,440,-0.0005193905817174604
1397,PAPOLA,440,-0.0005193905817174604
1685,RPL26L1,440,-0.0005193905817174604
1355,NUP155,440,-0.0005193905817174604
101,AOC3,101,-0.0006925207756232551
1155,MCAM,101,-0.0006925207756232551
875,HOXB2,101,-0.0006925207756232551
1885,ST3GAL2,101,-0.0006925207756232551
876,HOXD3 /// HOXD4 /// LOC401021,417,-0.0006925207756232621
1378,ORC1,398,-0.0006925207756232621
790,GRM7 /// LOC100996542,303,-0.0006925207756232621
267,CAMKK2,114,-0.0006925207756232621
1555,PRR16,306,-0.0006925207756232621
2145,ZBTB14,417,-0.0006925207756232621
27,ACSL3,306,-0.0006925207756232621
194,BCL2,17,-0.0006925207756232621
142,ASGR1,486,-0.0006925207756232621
1509,PPARGC1A,17,-0.0006925207756232621
17,ACADL,17,-0.0006925207756232621
2002,TMPRSS5,486,-0.0006925207756232621
531,DNAJC3,417,-0.0006925207756232621
1936,TBC1D9B,417,-0.0006925207756232621
2032,TRAPPC3,114,-0.0006925207756232621
1107,LTBP3,417,-0.0006925207756232621
370,CHST3,417,-0.0006925207756232621
269,CAPN6,417,-0.0006925207756232621
575,EID1,320,-0.0006925207756232621
914,IGSF9B,417,-0.0006925207756232621
1350,NTRK2,114,-0.0006925207756232621
320,CDC45,320,-0.0006925207756232621
417,COX7A1,17,-0.0006925207756232621
766,GPC3,114,-0.0006925207756232621
849,HIF3A,417,-0.0006925207756232621
1229,MVK,306,-0.0006925207756232621
1071,LOC100506403 /// LOC101928269 /// RUNX1,114,-0.0006925207756232621
728,GCM2,305,-0.0006925207756232621
399,CNPY2,17,-0.0006925207756232621
736,GH1,303,-0.0006925207756232621
137,ARTN,303,-0.0006925207756232621
2095,URGCP,398,-0.0006925207756232621
715,GABBR2,306,-0.0006925207756232621
775,GPR20,209,-0.000692520775623269
1847,SNX11,367,-0.000692520775623269
85,ANGEL2,465,-0.000692520775623269
1445,PHKB,465,-0.000692520775623269
784,GRIA3,367,-0.000692520775623269
2129,WNK1,465,-0.000692520775623269
1409,PCDH17,53,-0.000692520775623269
1489,PMS2P3,465,-0.000692520775623269
49,ADSL,465,-0.000692520775623269
1841,SNRPD3,465,-0.000692520775623269
387,CLEC3B /// EXOSC7,367,-0.000692520775623269
2155,ZMAT5,465,-0.000692520775623269
1961,TGFBR2,367,-0.000692520775623269
362,CFD,367,-0.000692520775623269
1183,MIF,465,-0.000692520775623269
2081,UBE2W,465,-0.000692520775623269
1763,SH2B2,53,-0.000692520775623269
1208,MMP27,209,-0.000692520775623269
1018,KLHL35,209,-0.000692520775623269
652,FAM192A,465,-0.000692520775623269
77,AMACR,209,-0.000692520775623269
469,CYP4B1,367,-0.000692520775623269
1043,LARS2,465,-0.000692520775623269
1785,SLC19A3,53,-0.000692520775623269
629,EWSR1,465,-0.000692520775623269
1965,THOC5,465,-0.000692520775623269
1324,NPC1,495,-0.0008656509695290707
1473,PLAUR,495,-0.0008656509695290707
2078,UBE2D4,222,-0.0008656509695290707
1297,NFX1,495,-0.0008656509695290707
2137,XRCC4,222,-0.0008656509695290707
1435,PEX7,495,-0.0008656509695290707
1326,NPEPPS,222,-0.0008656509695290707
1933,TBC1D2,495,-0.0008656509695290707
1649,RDH16,423,-0.0008656509695290707
1276,NDRG2,495,-0.0008656509695290707
546,DPT,222,-0.0008656509695290707
1078,LOC101928061 /// SERP1,495,-0.0008656509695290707
999,KIF18A,222,-0.0008656509695290707
418,COX7A2P2 /// COX7A2P2,495,-0.0008656509695290707
193,BCAT1,495,-0.0008656509695290707
1548,PROS1,302,-0.0008656509695290776
129,ARHGEF9,261,-0.0008656509695290776
164,ATP6V1B2,494,-0.0008656509695290776
1550,PRPF19,483,-0.0008656509695290776
352,CENPE,352,-0.0008656509695290776
382,CLDN11,382,-0.0008656509695290776
821,H6PD,302,-0.0008656509695290776
737,GHR,302,-0.0008656509695290776
1816,SLIT3,302,-0.0008656509695290776
1508,PPAP2A,302,-0.0008656509695290776
1471,PLAGL1,302,-0.0008656509695290776
1482,PLK4,226,-0.0008656509695290776
992,KIAA0586,261,-0.0008656509695290776
998,KIF15,226,-0.0008656509695290776
1868,SPRED2,494,-0.0008656509695290776
490,DDR2,302,-0.0008656509695290776
431,CSNK1A1,261,-0.0008656509695290776
1094,LPPR4,483,-0.0008656509695290776
1119,MAFG,382,-0.0008656509695290776
1131,MAOB,169,-0.0008656509695290776
1665,RNASE4,302,-0.0008656509695290776
1994,TMEM258,302,-0.0008656509695290776
1198,MKL2,494,-0.0008656509695290776
1259,NAT9,261,-0.0008656509695290776
1287,NEK11,382,-0.0008656509695290776
1191,MIR6132 /// ST7 /// ST7-OT3,302,-0.0008656509695290776
1195,MIR6834 /// PFDN6,483,-0.0008656509695290776
1152,MBD5,360,-0.0008656509695290776
1693,RPS21,302,-0.0008656509695290776
1904,STOM,302,-0.0008656509695290776
532,DNAJC7,483,-0.0008656509695290776
1894,STAU2,302,-0.0008656509695290776
919,IL11RA,302,-0.0008656509695290776
931,IL5RA,250,-0.0008656509695290776
1205,MMP14,169,-0.0008656509695290776
1209,MMP8,151,-0.0008656509695290776
1791,SLC25A38,261,-0.0008656509695290776
863,HMGB3,261,-0.0008656509695290776
1926,TAF13,40,-0.0008656509695290776
498,DEPDC1,360,-0.0008656509695290776
1035,KTN1,302,-0.0008656509695290776
1723,SC5D,169,-0.0008656509695290776
1061,LINC00341 /// SYNE3,302,-0.0008656509695290776
1065,LMF1,261,-0.0008656509695290776
905,IDUA,494,-0.0008656509695290776
853,HIST1H4A /// HIST1H4B /// HIST1H4C /// HIST1H4D /// HIST1H4E /// HIST1H4F /// HIST1H4H /// HIST1H4I /// HIST1H4J /// HIST1H4K /// HIST1H4L /// HIST2H4A /// HIST2H4B /// HIST4H4,226,-0.0008656509695290776
2071,TYMS,226,-0.0008656509695290776
270,CARHSP1,483,-0.0008656509695290776
319,CDC42EP4,302,-0.0008656509695290776
1605,R3HDM1,261,-0.0008656509695290776
1262,NCALD,302,-0.0008656509695290776
1319,NOVA1,302,-0.0008656509695290776
1331,NPY,464,-0.0008656509695290776
1452,PID1,302,-0.0008656509695290776
1457,PIK3R1,302,-0.0008656509695290776
465,CYP2R1,382,-0.0008656509695290776
508,DIAPH2,302,-0.0008656509695290776
511,DIDO1,302,-0.0008656509695290776
2007,TNK2,494,-0.0008656509695290776
341,CDO1,302,-0.0008656509695290776
50,AFAP1,261,-0.0008656509695290776
54,AGO2 /// CASC7 /// CASC7 /// DQ574852,226,-0.0008656509695290776
1437,PGAP2,261,-0.0008656509695290776
1422,PDGFD,302,-0.0008656509695290776
782,GREM2,38,-0.0008656509695290776
1560,PRSS8,38,-0.0008656509695290776
2148,ZBTB7A,40,-0.0008656509695290776
1558,PRSS3P3,40,-0.0008656509695290776
894,HSPA4,483,-0.0008656509695290776
810,GTPBP3,261,-0.0008656509695290776
1834,SNHG3 /// SNORA73A,302,-0.0008656509695290776
199,BICD1,302,-0.0008656509695290776
2152,ZFP64,261,-0.0008656509695290776
1360,NXT2,302,-0.0008656509695290776
2049,TRPC6,494,-0.0008656509695290776
330,CDH6,494,-0.0008656509695290776
1780,SLC16A1,60,-0.0008656509695290845
1499,POLR1C,60,-0.0008656509695290845
1098,LRRC47,60,-0.0008656509695290845
543,DPH2,60,-0.0008656509695290845
1500,POLR2D,60,-0.0008656509695290845
1510,PPAT,60,-0.0008656509695290845
1059,LIMCH1,262,-0.0010387811634348931
2182,ZNF862,87,-0.0010387811634348931
1485,PLOD2,262,-0.0010387811634348931
1432,PER3,262,-0.0010387811634348931
1427,PDX1,47,-0.0010387811634348931
87,ANGPTL3,87,-0.0010387811634348931
460,CYP19A1,47,-0.0010387811634348931
567,ECT2,342,-0.0010387811634348931
1921,SYT2,456,-0.0010387811634348931
2146,ZBTB20,262,-0.0010387811634348931
112,APPL1,456,-0.0010387811634348931
1789,SLC22A7,47,-0.0010387811634348931
1797,SLC33A1,262,-0.0010387811634348931
1371,OR1D2,102,-0.0010387811634348931
1523,PQLC3,47,-0.0010387811634348931
216,BTBD1,87,-0.0010387811634348931
236,C1GALT1,262,-0.0010387811634348931
1547,PROP1,47,-0.0010387811634348931
268,CAMKMT,262,-0.0010387811634348931
1596,PTPRJ,167,-0.0010387811634348931
1774,SIX3,102,-0.0010387811634348931
867,HMGN5,262,-0.0010387811634348931
681,FGF17,47,-0.0010387811634348931
479,DAZ1 /// DAZ2 /// DAZ3 /// DAZ4,167,-0.0010387811634348931
1088,LONRF1,262,-0.0010387811634348931
1342,NR3C2,262,-0.0010387811634348931
663,FAXDC2,262,-0.0010387811634348931
745,GLP1R,47,-0.0010387811634348931
1892,STATH,167,-0.0010387811634348931
1689,RPN2,342,-0.0010387811634348931
717,GABRG3,47,-0.0010387811634348931
860,HLF,262,-0.0010387811634348931
900,HYAL4,47,-0.0010387811634348931
66,AKTIP,262,-0.0010387811634348931
742,GJB3,47,-0.0010387811634348931
730,GDF10,304,-0.0012119113573407087
1528,PRDX6,127,-0.0012119113573407087
534,DNASE1L3,401,-0.0012119113573407087
637,F2RL2,459,-0.0012119113573407087
644,FAM107A,401,-0.0012119113573407087
1728,SCN3B,396,-0.0012119113573407087
400,CNR1,267,-0.0012119113573407087
478,DAXX,127,-0.0012119113573407087
1204,MMADHC,401,-0.0012119113573407087
1134,MAP2K6,127,-0.0012119113573407087
1303,NIPSNAP3B,127,-0.0012119113573407087
1318,NOV,401,-0.0012119113573407087
1344,NRIP2,267,-0.0012119113573407087
1345,NRL,187,-0.0012119113573407087
385,CLEC1A,401,-0.0012119113573407087
969,KCNAB1,401,-0.0012119113573407087
911,IGFBP7,401,-0.0012119113573407087
485,DCAKD,459,-0.0012119113573407087
291,CCL14 /// CCL15-CCL14,401,-0.0012119113573407087
1045,LDB2,401,-0.0012119113573407087
1052,LGALS2,267,-0.0012119113573407087
114,AQP1,401,-0.0012119113573407087
2094,UPK3A,267,-0.0012119113573407087
32,ACYP1,85,-0.0012119113573407087
1256,NAP1L3,304,-0.0012119113573407087
1279,NDUFB5,127,-0.0012119113573407087
1405,PBK,85,-0.0012119113573407087
250,C7orf26,85,-0.0012119113573407087
1418,PDE2A,401,-0.0012119113573407087
1064,LIPF,187,-0.0012119113573407087
1042,LARP4,459,-0.0012119113573407087
1721,SARM1,396,-0.0012119113573407087
1079,LOC101928198 /// MFAP3L,187,-0.0012119113573407087
2136,XPO6,85,-0.0012119113573407087
1845,SNTG1,375,-0.0013850415512465172
183,BAGE,375,-0.0013850415512465172
347,CELF3,375,-0.0013850415512465172
224,BUB1B,224,-0.0013850415512465172
14,ABO,375,-0.0013850415512465172
435,CT62,375,-0.0013850415512465172
734,GGH,224,-0.0013850415512465172
1420,PDE4B,224,-0.0013850415512465172
558,E2F3,482,-0.0013850415512465242
156,ATP1A3 /// LOC101927137,156,-0.0013850415512465242
657,FAM63A,135,-0.0013850415512465242
1535,PRKAB2,84,-0.0013850415512465242
1973,TJP1,482,-0.0013850415512465242
296,CCNB1,296,-0.0013850415512465242
1280,NDUFB7,296,-0.0013850415512465242
1162,MCM5,482,-0.0013850415512465242
1970,TIMM22,135,-0.0013850415512465242
1265,NCAPG,135,-0.0013850415512465242
1410,PCDH8,84,-0.0013850415512465242
1124,MAGOHB,296,-0.0013850415512465242
978,KCNK3,236,-0.0013850415512465242
529,DNAJC1,334,-0.0015581717451523397
30,ACTR3B,334,-0.0015581717451523397
938,IPCEF1,334,-0.0015581717451523397
1745,SEMA5A,334,-0.0015581717451523397
2004,TMSB4Y,334,-0.0015581717451523397
1953,TFAM,334,-0.0015581717451523397
335,CDK6,334,-0.0015581717451523397
997,KIF14,227,-0.0015581717451523397
452,CXCL5,413,-0.0015581717451523397
548,DPYS,452,-0.0015581717451523397
1165,MDM4,334,-0.0015581717451523397
163,ATP6V0E1,334,-0.0015581717451523397
99,ANXA10,413,-0.0015581717451523397
1250,MZF1,334,-0.0015581717451523397
1233,MYCT1,334,-0.0015581717451523397
1579,PSRC1,33,-0.0015581717451523397
301,CCT6B,334,-0.0015581717451523397
2016,TOX3,334,-0.0015581717451523397
2173,ZNF304,334,-0.0015581717451523397
143,ASIC2,143,-0.0015581717451523397
842,HEY2,334,-0.0015581717451523397
1815,SLCO4C1,334,-0.0015581717451523397
1408,PCDH11X /// PCDH11Y,103,-0.0017313019390581483
2162,ZNF174,255,-0.0017313019390581483
1955,TFAP2B,255,-0.0017313019390581483
1370,OR12D3 /// OR5V1,103,-0.0017313019390581483
1609,RAB3D,142,-0.0017313019390581552
1446,PHLDA1,82,-0.0017313019390581552
1438,PGK2,142,-0.0017313019390581552
1343,NRCAM,82,-0.0017313019390581552
1224,MTMR10,142,-0.0017313019390581552
466,CYP39A1,10,-0.0017313019390581552
2172,ZNF277,166,-0.0017313019390581552
1142,MAPT,166,-0.0017313019390581552
635,F13B,460,-0.0017313019390581552
1615,RABIF,82,-0.0017313019390581552
222,BTRC,82,-0.0017313019390581552
517,DLG2,142,-0.0017313019390581552
208,BMX,208,-0.0017313019390581552
1702,RRH,10,-0.0017313019390581552
1947,TDRD1,10,-0.0017313019390581552
1419,PDE3A,82,-0.0017313019390581552
447,CUX2,142,-0.0017313019390581552
1364,OIP5,107,-0.0017313019390581552
528,DNAJA1,199,-0.0019044321329639707
1732,SCUBE2,199,-0.0019044321329639707
84,AMT,199,-0.0019044321329639707
1914,SUPT4H1,199,-0.0019044321329639707
1026,KPNA2,199,-0.0019044321329639707
2179,ZNF516,199,-0.0019044321329639707
1863,SPC25,137,-0.0019044321329639707
1603,PWP2,199,-0.0019044321329639707
1959,TFRC,199,-0.0019044321329639707
2045,TRIO,199,-0.0019044321329639707
2086,UGDH,199,-0.0019044321329639707
2103,VAPB,168,-0.0020775623268697863
312,CDC20,312,-0.0020775623268697863
338,CDKN2A,312,-0.0020775623268697863
283,CCDC101,312,-0.0020775623268697863
1264,NCAPD2,492,-0.0020775623268697863
1898,STIL,168,-0.0020775623268697863
1455,PIGL,388,-0.002250692520775595
1367,OMD,388,-0.002250692520775595
486,DCP2,388,-0.002250692520775595
404,COBLL1,388,-0.002250692520775595
1718,SAMD4A,388,-0.002250692520775595
827,HARS /// LOC101928623,388,-0.002250692520775595
1681,RPGRIP1L,388,-0.002250692520775595
492,DDX23,388,-0.002250692520775595
1226,MTOR,461,-0.0022506925207756018
1537,PRKACG,461,-0.0022506925207756018
126,ARHGEF28,337,-0.0022506925207756018
636,F2RL1,337,-0.0022506925207756018
585,ELF5,337,-0.0022506925207756018
1114,LZTR1,324,-0.0022506925207756018
653,FAM216A,297,-0.0022506925207756018
1616,RACGAP1,297,-0.0022506925207756018
324,CDCA4,324,-0.0022506925207756018
297,CCNB2,297,-0.0022506925207756018
1773,SIVA1,324,-0.0022506925207756018
1889,STARD5,337,-0.0022506925207756018
407,COL4A3,337,-0.0022506925207756018
1849,SNX27,461,-0.0022506925207756018
883,HRASLS,337,-0.0022506925207756018
152,ATG4B,324,-0.0022506925207756018
1659,RGS6,415,-0.0022506925207756157
1580,PTCRA,415,-0.0022506925207756157
1562,PRX,415,-0.0022506925207756157
1937,TBCEL,447,-0.0024238227146814173
685,FKBP15,447,-0.0024238227146814173
390,CLIC4,469,-0.0024238227146814242
1893,STAU1,469,-0.0024238227146814242
481,DBP,469,-0.0024238227146814242
475,DAD1,469,-0.0024238227146814242
1981,TMCO1,469,-0.0024238227146814242
1150,MAX,469,-0.0024238227146814242
2112,VPS11,469,-0.0024238227146814242
367,CHIC2,469,-0.0024238227146814242
673,FEM1C,469,-0.0024238227146814242
683,FGFR2,287,-0.0024238227146814242
1402,PATZ1,287,-0.0024238227146814242
24,ACN9,287,-0.0024238227146814242
505,DHX58,287,-0.0024238227146814242
1962,TGIF1,469,-0.0024238227146814242
771,GPM6A,287,-0.0024238227146814242
1095,LRP12,469,-0.0024238227146814242
243,C3orf36,243,-0.002423822714681431
620,ERCC6L,468,-0.002596952908587226
120,ARHGAP11A,468,-0.002596952908587226
1556,PRRC1,189,-0.002596952908587233
1458,PIK3R4,189,-0.002596952908587233
2165,ZNF219,189,-0.002596952908587233
1063,LIPE,189,-0.002596952908587233
153,ATM,189,-0.002596952908587233
1269,NCOA3,189,-0.002596952908587233
1577,PSME3,189,-0.002596952908587233
238,C1orf115,238,-0.0025969529085872398
1283,NEDD4L,238,-0.0025969529085872398
1369,OPTN,238,-0.0025969529085872398
1188,MIR4800 /// MXD4,238,-0.0025969529085872398
1787,SLC20A1,238,-0.0025969529085872398
451,CXCL12,238,-0.0025969529085872398
339,CDKN2D,325,-0.0025969529085872398
325,CDCA8,325,-0.0025969529085872398
1963,THEM6,238,-0.0025969529085872398
1146,MARK1,238,-0.0025969529085872398
1194,MIR6787 /// SLC16A3,238,-0.0025969529085872398
67,ALB,173,-0.0025969529085872536
1291,NEURL1,173,-0.0025969529085872536
1127,MAML3,173,-0.0025969529085872536
1017,KLHL20,173,-0.0025969529085872536
1884,ST20,366,-0.0027700831024930622
1260,NBEA,366,-0.0027700831024930622
1867,SPOCK1,366,-0.0027700831024930622
706,FRY,366,-0.0027700831024930622
366,CHEK1,366,-0.0027700831024930622
2140,YEATS2,366,-0.0027700831024930622
891,HSPA12A,281,-0.002943213296398864
2066,TUBGCP2,281,-0.002943213296398864
1678,RP3-497J21.1,11,-0.002943213296398864
1424,PDK2,281,-0.002943213296398864
1979,TM7SF2,281,-0.002943213296398864
2149,ZCCHC10,281,-0.002943213296398864
8,ABHD14A-ACY1 /// ACY1,281,-0.002943213296398864
1967,THTPA,281,-0.002943213296398864
1710,RWDD2A,281,-0.002943213296398864
1585,PTH1R,105,-0.0031163434903046794
762,GOLGA8N,105,-0.0031163434903046794
572,EGFL8 /// PPT2 /// PPT2-EGFL8,105,-0.0031163434903046794
1442,PHF3,105,-0.0031163434903046794
484,DCAF8,105,-0.0031163434903046794
761,GOLGA8CP /// GOLGA8DP /// GOLGA8EP /// GOLGA8F /// GOLGA8G,105,-0.0031163434903046794
1612,RABEP2,51,-0.0031163434903046863
965,KANK1,51,-0.0031163434903046863
306,CD2BP2,51,-0.0031163434903046863
277,CAV2,51,-0.0031163434903046863
81,AMOTL2,51,-0.0031163434903046863
1539,PRKAR2B,51,-0.0031163434903046863
1242,MYO15A,77,-0.0031163434903047
2061,TTTY15,77,-0.0031163434903047
2135,XPO4,77,-0.0031163434903047
1534,PRKAB1,77,-0.0031163434903047
169,ATRNL1,77,-0.0031163434903047
1543,PRKY,77,-0.0031163434903047
1116,MAB21L1 /// MIR548F5,77,-0.0031163434903047
2069,TXLNG,77,-0.0031163434903047
1308,NLGN4X,77,-0.0031163434903047
1810,SLC7A2,77,-0.0031163434903047
1377,OR7E47P,99,-0.003289473684210495
1368,ONECUT1,106,-0.0032894736842105157
2056,TTC12,106,-0.0032894736842105157
818,H2AFX,406,-0.003635734072022126
1850,SNX3,406,-0.003635734072022126
1694,RPS27,406,-0.003635734072022126
1261,NBR1,406,-0.003635734072022126
1087,LOC732360 /// TDG,406,-0.003635734072022126
2050,TRPC7,363,-0.003635734072022126
789,GRM4,372,-0.0036357340720221537
438,CTD-3126B10.1,372,-0.0036357340720221537
262,CACNB2,372,-0.0036357340720221537
1886,ST6GALNAC2,476,-0.003981994459833757
645,FAM134B,476,-0.003981994459833757
148,ASUN,476,-0.003981994459833757
507,DIABLO,22,-0.003981994459833764
562,EBNA1BP2 /// MIR6733,22,-0.003981994459833764
991,KIAA0513,22,-0.003981994459833764
100,ANXA2 /// NHP2L1,22,-0.003981994459833764
996,KIF11,228,-0.003981994459833764
1568,PSMB7,22,-0.003981994459833764
1629,RANBP1,22,-0.003981994459833764
1670,RNF5 /// RNF5P1,89,-0.003981994459833771
1945,TCRDV2 /// TRDC /// TRDC /// YME1L1,89,-0.003981994459833771
521,DMD,89,-0.003981994459833771
337,CDKN1C,89,-0.003981994459833771
1549,PROZ,45,-0.003981994459833771
1396,PALMD,89,-0.003981994459833771
1153,MBOAT2,89,-0.003981994459833771
566,ECM2,89,-0.003981994459833771
289,CCDC92,89,-0.003981994459833771
720,GALK1,274,-0.004501385041551224
467,CYP3A43,274,-0.004501385041551224
274,CASR,274,-0.004501385041551224
1268,NCBP1,132,-0.004847645429362862
1956,TFDP1,132,-0.004847645429362862
2082,UBXN4,132,-0.004847645429362862
2079,UBE2K,132,-0.004847645429362862
33,ADAM10,132,-0.004847645429362862
23,ACLY,132,-0.004847645429362862
530,DNAJC16,132,-0.004847645429362862
550,DR1,132,-0.004847645429362862
2109,VIM,355,-0.005020775623268685
355,CENPM,355,-0.005020775623268685
665,FBN2,451,-0.005713296398891954
1700,RRBP1,451,-0.005713296398891954
1439,PGM3,451,-0.005713296398891954
151,ATG13,451,-0.005713296398891954
